SALE TYPE,SOLD DATE,PROPERTY TYPE,ADDRESS,CITY,STATE OR PROVINCE,ZIP OR POSTAL CODE,PRICE,BEDS,BATHS,LOCATION,SQUARE FEET,LOT SIZE,YEAR BUILT,DAYS ON MARKET,$/SQUARE FEET,HOA/MONTH,STATUS,NEXT OPEN HOUSE START TIME,NEXT OPEN HOUSE END TIME,URL (SEE https://www.redfin.com/buy-a-home/comparative-market-analysis FOR INFO ON PRICING),SOURCE,MLS#,FAVORITE,INTERESTED,LATITUDE,LONGITUDE
"In accordance with local MLS rules, some MLS listings are not included in the download"
MLS Listing,,Single Family Residential,1823 SW 18th Ave,Miami,FL,33145,1249000,5,4.0,AMD PLAT VENICE HEIGHTS,2842,4916,1938,1,439,,Active,,,https://www.redfin.com/FL/Miami/1823-SW-18th-Ave-33145/home/42740941,MARMLS,A11624743,N,Y,25.7550161,-80.223959
MLS Listing,,Single Family Residential,740 NW 42nd St,Miami,FL,33127,589995,2,2.0,BRAE BURN SUB,1362,5400,1954,2,433,,Active,,,https://www.redfin.com/FL/Miami/740-NW-42nd-St-33127/home/42682685,MARMLS,A11607213,N,Y,25.8142811,-80.2087671
MLS Listing,,Condo/Co-op,555 NE 15th St Unit 25A,Miami,FL,33132,625000,2,2.0,VENETIA CONDO,1230,,1980,4,508,1160,Active,,,https://www.redfin.com/FL/Miami/555-NE-15th-St-33132/unit-25A/home/42730379,MARMLS,A11617408,N,Y,25.7901247,-80.1856879
MLS Listing,,Single Family Residential,12922 SW 221st St,Miami,FL,33170,1150000,4,3.5,ESTATE MANSIONS 1ST ADDN,2703,15020,2014,10,425,,Active,,,https://www.redfin.com/FL/Miami/12922-SW-221st-St-33170/home/43368104,MARMLS,A11610573,N,Y,25.5610202,-80.4014278
MLS Listing,,Single Family Residential,16185 SW 136th Ter,Miami,FL,33196,1095000,5,3.5,CRESTVIEW WEST,3045,6364,2016,13,360,90,Active,July-20-2024 12:00 PM,July-20-2024 03:00 PM,https://www.redfin.com/FL/Miami/16185-SW-136th-Ter-33196/home/113410887,MARMLS,A11614244,N,Y,25.6393732,-80.4560426
MLS Listing,,Condo/Co-op,13120 SW 92nd Ave Unit 416B,Miami,FL,33176,343000,2,2.0,VILLAGE AT THE FALLS COND,1253,,1974,29,274,644,Active,,,https://www.redfin.com/FL/Miami/13120-SW-92nd-Ave-33176/unit-B416/home/43358202,MARMLS,A11608440,N,Y,25.6475626,-80.345427
MLS Listing,,Condo/Co-op,1861 NW S River Dr #2203,Miami,FL,33125,385000,2,2.0,TERRAZAS RIVERPARK VILLAG,935,,2010,42,412,1182,Active,,,https://www.redfin.com/FL/Miami/1861-NW-South-River-Dr-33125/unit-2203/home/43445934,MARMLS,A11598674,N,Y,25.7850371,-80.225901
MLS Listing,,Condo/Co-op,800 N Miami Ave Unit E-1505,Miami,FL,33136,319999,1,1.0,MADISON DOWNTOWN CONDO,689,,1989,72,464,674,Active,,,https://www.redfin.com/FL/Miami/800-N-Miami-Ave-33136/unit-E1505/home/43365469,MARMLS,A11579599,N,Y,25.7821006,-80.1942619
MLS Listing,,Condo/Co-op,1581 Brickell Ave #508,Miami,FL,33129,600000,1,1.0,VILLA REGINA CONDO,717,,1982,97,837,907,Active,,,https://www.redfin.com/FL/Miami/1581-Brickell-Ave-33129/unit-508/home/42764048,MARMLS,A11567728,N,Y,25.7564058,-80.1933295
MLS Listing,,Condo/Co-op,520 NE 29th St Unit TH2,Miami,FL,33137,599000,1,1.0,MOON BAY OF MIAMI CONDO,1070,,2007,107,560,1569,Active,,,https://www.redfin.com/FL/Miami/520-NE-29th-St-33137/unit-TH2/home/43390303,MARMLS,A11561350,N,Y,25.8041367,-80.1862552
MLS Listing,,Condo/Co-op,1680 NE 191st St Unit 102-2,Miami,FL,33179,259000,2,2.0,Jade Winds Group Allamand,1674,,1968,108,155,1100,Active,,,https://www.redfin.com/FL/Miami/1680-NE-191st-St-33179/unit-102-2/home/43005123,Beaches MLS,F10431572,N,Y,25.9494773,-80.1689757
MLS Listing,,Condo/Co-op,3301 NE 1st Ave Unit L0305,Miami,FL,33137,525000,1,1.5,FOUR MIDTOWN MIAMI CONDO,711,,2008,183,738,595,Active,,,https://www.redfin.com/FL/Miami/3301-NE-1st-Ave-33137/unit-L0305/home/43441648,MARMLS,A11516738,N,Y,25.8077885,-80.1923013
MLS Listing,,Single Family Residential,220 SW 136th Ave,Miami,FL,33184,890000,4,3.0,UNIVERSITY PARK WEST SEC,2612,7875,1984,195,341,,Active,,,https://www.redfin.com/FL/Miami/220-SW-136th-Ave-33184/home/43100207,MARMLS,A11508503,N,Y,25.7649335,-80.4148111
MLS Listing,,Single Family Residential,398 NE 5th St #2915,Miami,FL,33132,900000,1,1.0,The Elser Hotel,560,,2022,221,1607,734,Active,,,https://www.redfin.com/FL/Miami/398-NE-5th-St-33132/unit-2915/home/185391285,MARMLS,A11496767,N,Y,25.7788802,-80.1890556
MLS Listing,,Condo/Co-op,9688 Fontainebleau Blvd #208,Miami,FL,33172,315000,2,2.0,GOLFVIEW CL FONTAINBL PK,1227,,1982,400,257,433,Active,,,https://www.redfin.com/FL/Miami/9688-Fontainebleau-Blvd-33172/unit-208/home/43052255,MARMLS,A11400690,N,Y,25.7722497,-80.3520643
MLS Listing,,Condo/Co-op,50 Biscayne Blvd #1911,Miami,FL,33132,715000,2,2.0,50 BISCAYNE CONDO,1256,,2007,1,569,1279,Active,,,https://www.redfin.com/FL/Miami/50-Biscayne-Blvd-33132/unit-1911/home/43390890,MARMLS,A11619221,N,Y,25.7750019,-80.1879868
MLS Listing,,Single Family Residential,10390 SW 56th Ter,Miami,FL,33173,1499000,4,3.0,DATORRE SUB,2567,13108,1985,1,584,,Active,,,https://www.redfin.com/FL/Miami/10390-SW-56th-Ter-33173/home/43090468,MARMLS,A11624545,N,Y,25.7148656,-80.3632059
MLS Listing,,Condo/Co-op,151 SE 1st St #2702,Miami,FL,33131,475000,2,1.0,CENTRO CONDO,736,,2016,1,645,892,Active,,,https://www.redfin.com/FL/Miami/151-SE-1st-St-33131/unit-2702/home/56741856,MARMLS,A11625252,N,Y,25.7735456,-80.1906772
MLS Listing,,Condo/Co-op,501 NE 31st St #3507,Miami,FL,33137,595000,1,1.5,PARAISO BAYVIEWS CONDO,746,,2018,1,798,965,Active,,,https://www.redfin.com/FL/Miami/501-NE-31st-St-33137/unit-3507/home/79137683,MARMLS,A11625583,N,Y,25.8068816,-80.1873138
MLS Listing,,Condo/Co-op,665 NE 195th St #119,Miami,FL,33179,237000,2,2.0,COCO WOOD CONDO,1222,,1973,1,194,530,Active,,,https://www.redfin.com/FL/Miami/665-NE-195th-St-33179/unit-119/home/43008581,MARMLS,A11625539,N,Y,25.9558124,-80.1903874
MLS Listing,,Condo/Co-op,250 NW 107th Ave #110,Miami,FL,33172,240000,1,1.0,LAGUNA CLUB EAST CONDO,770,,1973,1,312,204,Active,,,https://www.redfin.com/FL/Miami/250-NW-107th-Ave-33172/unit-110/home/43056003,MARMLS,A11626343,N,Y,25.7717781,-80.3695817
MLS Listing,,Vacant Land,22695 SW 123rd Rd,Miami,FL,33170,650000,,,MILLER & BAILES ADDN TO G,,31799,,1,,,Active,,,https://www.redfin.com/FL/Miami/22695-SW-123-Rd-33170/home/104455519,MARMLS,A11626325,N,Y,25.556074,-80.3899859
MLS Listing,,Single Family Residential,9340 SW 37th St,Miami,FL,33165,780000,5,4.0,CENTRAL HEIGHTS,1950,7000,1957,1,400,,Active,,,https://www.redfin.com/FL/Miami/9340-SW-37th-St-33165/home/43067783,MARMLS,A11620177,N,Y,25.7353179,-80.3465062
MLS Listing,,Condo/Co-op,1286 NE 191st St #1286,Miami,FL,33179,389000,2,2.5,WATERFRONT VILLAS SKYLAKE,1290,,1964,1,302,634,Active,,,https://www.redfin.com/FL/Miami/1286-NE-191st-St-33179/unit-1286/home/43001306,MARMLS,A11621745,N,Y,25.9508502,-80.1759645
MLS Listing,,Townhouse,13272 SW 114th Ter,Miami,FL,33186,444900,3,2.5,HOST CROSSINGS,1320,,1986,1,337,485,Active,,,https://www.redfin.com/FL/Miami/13272-SW-114th-Ter-33186/home/43193013,MARMLS,A11626239,N,Y,25.6613804,-80.4084053
MLS Listing,,Single Family Residential,22420 SW 124 Ct,Miami,FL,33170,795990,4,3.0,CHLOES ESTATES,,,2024,1,,,Active,,,https://www.redfin.com/FL/Goulds/22420-SW-124th-Ct-33170/home/191718282,MARMLS,A11626287,N,Y,25.556754,-80.3937329
MLS Listing,,Single Family Residential,,Miami,FL,33196,699000,3,2.0,,1841,5000,1998,1,380,99,Active,,,https://www.redfin.com/FL/Miami/Undisclosed-address-33196/home/43177655,MARMLS,A11626197,N,Y,25.6746187,-80.4640684
MLS Listing,,Condo/Co-op,3680 Oak Ave #6,Miami,FL,33133,285000,1,1.0,Douglas Oaks Condo,423,,1957,1,674,240,Active,,,https://www.redfin.com/FL/Miami/3680-Oak-Ave-33133/unit-6/home/43336654,Beaches MLS,F10451767,N,Y,25.7295711,-80.2533452
MLS Listing,,Single Family Residential,13785 SW 34th St,Miami,FL,33175,2690000,4,4.0,J G HEADS FARMS,3633,30274,1981,1,740,,Active,,,https://www.redfin.com/FL/Miami/13785-SW-34th-St-33175/home/43119214,MARMLS,A11621200,N,Y,25.7366183,-80.4178296
MLS Listing,,Townhouse,240 NW 114th Ave,Sweetwater,FL,33172,475000,3,2.5,VILLAS AT BRISTOL PARK CO,1320,,1998,1,360,304,Active,,,https://www.redfin.com/FL/Miami/240-NW-114th-Ave-33172/home/191571776,MARMLS,A11626282,N,Y,25.7708988,-80.3818293
MLS Listing,,Condo/Co-op,271 W Park Dr Unit 7-10,Miami,FL,33172,380000,2,2.0,INDIAN SUMMER VILG CONDO,1511,,1981,1,251,352,Active,,,https://www.redfin.com/FL/Miami/271-W-Park-Dr-33172/unit-7-10/home/43058122,MARMLS,A11600773,N,Y,25.7717921,-80.362675
MLS Listing,,Condo/Co-op,55 Merrick Way #646,Coral Gables,FL,33134,924999,2,2.0,55 Merrick Condominiums,1332,,2008,1,694,1392,Pre On-Market,,,https://www.redfin.com/FL/Coral-Gables/55-Merrick-Way-33134/unit-646/home/43383524,Beaches MLS,F10451718,N,Y,25.7509374,-80.2555741
MLS Listing,,Condo/Co-op,1717 N Bayshore Dr Unit A-3755,Miami,FL,33132,925000,2,2.0,VENETIA CONDO,1509,,1986,1,613,1154,Active,,,https://www.redfin.com/FL/Miami/1717-N-Bayshore-Dr-33132/unit-A-3755/home/191610130,MARMLS,A11626269,N,Y,25.791316,-80.1861552
MLS Listing,,Condo/Co-op,11040 SW 196th St #403,Cutler Bay,FL,33157,260000,2,2.0,PARADISE POINTE CONDO,809,,2005,1,321,555,Active,,,https://www.redfin.com/FL/Cutler-Bay/11040-SW-196th-St-33157/unit-403/home/43323251,MARMLS,A11606454,N,Y,25.5835776,-80.3689533
MLS Listing,,Townhouse,12949 SW 232nd Ln #12949,Homestead,FL,33032,450000,3,2.5,KENDALL ASSEMBLAGE SOUTH,1393,,2022,1,323,100,Active,,,https://www.redfin.com/FL/Princeton/12949-SW-232nd-Ln-33032/unit-12949/home/191594811,MARMLS,A11626250,N,Y,25.550704,-80.401468
MLS Listing,,Condo/Co-op,2645 S Bayshore Dr #1002,Coconut Grove,FL,33133,2047000,2,2.5,Grove Hill Condo,1910,,1996,1,1072,2500,Active,,,https://www.redfin.com/FL/Miami/2645-S-Bayshore-Dr-33133/unit-1002/home/42760766,MARMLS,A11626263,N,Y,25.7317639,-80.2352988
MLS Listing,,Single Family Residential,365 SW 50th Ave,Miami,FL,33134,529000,2,2.0,FLAGLER COURT HEIGHTS,996,3968,1960,1,531,,Active,July-28-2024 01:00 PM,July-28-2024 03:00 PM,https://www.redfin.com/FL/Coral-Gables/365-SW-50th-Ave-33134/home/42737251,MARMLS,A11626126,N,Y,25.768035,-80.276279
MLS Listing,,Condo/Co-op,11219 SW 88th St Unit 106C,Miami,FL,33176,245000,1,1.0,PINE GROVE CONDO,736,,1969,1,333,332,Active,,,https://www.redfin.com/FL/Miami/11219-SW-88th-St-33176/unit-106C/home/43094173,MARMLS,A11624169,N,Y,25.68831,-80.375074
MLS Listing,,Townhouse,1152 SW 22nd Ter,Miami,FL,33129,1965000,4,3.0,EAST SHENANDOAH,2850,,2024,1,689,,Active,,,https://www.redfin.com/FL/Miami/1152-SW-22nd-Ter-33129/home/191717660,MARMLS,A11625615,N,Y,25.7501202,-80.2133019
MLS Listing,,Condo/Co-op,1010 NW 11th St #606,Miami,FL,33136,360000,2,2.0,ARAGON PLAZA CONDO,929,,1997,1,388,489,Active,,,https://www.redfin.com/FL/Miami/1010-NW-11th-St-33136/unit-606/home/43274685,MARMLS,A11625241,N,Y,25.7838059,-80.2116158
MLS Listing,,Condo/Co-op,11235 SW 88th St Unit 206E,Miami,FL,33176,237000,1,1.0,PINE GROVE CONDO,736,,1969,1,322,333,Active,,,https://www.redfin.com/FL/Miami/11235-SW-88th-St-33176/unit-206E/home/43085129,MARMLS,A11624044,N,Y,25.68845,-80.374911
MLS Listing,,Condo/Co-op,3137 SW 27th Ave Unit 3D,Miami,FL,33133,3050000,3,3.5,GRAPE TREE TOWNHOUSE COND,1905,,2026,1,1601,4000,Active,,,https://www.redfin.com/FL/Miami/3137-SW-27th-Ave-33133/unit-3D/home/191717550,MARMLS,A11621549,N,Y,25.7332479,-80.2372513
MLS Listing,,Single Family Residential,2600 NW 22nd Ave,Miami,FL,33142,490000,3,2.0,East Haven,1084,,1920,1,452,,Active,,,https://www.redfin.com/FL/Miami/2600-NW-22nd-Ave-33142/home/43410579,Beaches MLS,F10451504,N,Y,25.8002521,-80.2319109
MLS Listing,,Condo/Co-op,92 SW 3rd St #4411,Miami,FL,33130,688000,2,2.0,MINT CONDO,1118,,2010,1,615,1398,Active,,,https://www.redfin.com/FL/Miami/92-SW-3rd-St-33130/unit-4411/home/43447705,MARMLS,A11626149,N,Y,25.7695935,-80.1950473
MLS Listing,,Single Family Residential,6375 SW 41st St,South Miami,FL,33155,700000,3,2.0,BIRD ROAD ESTATES AMD,1185,5100,1950,1,591,,Active,,,https://www.redfin.com/FL/Miami/6375-SW-41st-St-33155/home/42888222,MARMLS,A11626167,N,Y,25.7331145,-80.2982826
MLS Listing,,Multi-Family (2-4 Unit),2237 NW 66th St,Miami,FL,33147,399999,4,4.0,22ND AVE HEIGHTS,1531,,1940,1,261,,Active,,,https://www.redfin.com/FL/Miami/2237-NW-66th-St-33147/home/43421168,MARMLS,A11626192,N,Y,25.8348683,-80.233974
MLS Listing,,Townhouse,22540 SW 124 Ct Unit B,Miami,FL,33170,589990,5,3.0,CHLOES ESTATES,,,2024,1,,,Active,,,https://www.redfin.com/FL/Quail-Heights/22540-SW-124-CT-33170/unit-B/home/189816485,MARMLS,A11626204,N,Y,25.6052352,-80.5549561
MLS Listing,,Single Family Residential,7332 SW 158th Ave,Miami,FL,33193,669000,4,2.5,WEITZER LAGO MAR HOMES,2135,4200,1994,1,313,93,Active,,,https://www.redfin.com/FL/Miami/7332-SW-158th-Ave-33193/home/43137790,MARMLS,A11626156,N,Y,25.6973612,-80.4489384
MLS Listing,,Townhouse,22540 SW 124 Ct Unit A,Miami,FL,33170,599990,5,4.0,CHLOES ESTATES,,,2024,1,,,Active,,,https://www.redfin.com/FL/Quail-Heights/22540-SW-124-CT-33170/unit-A/home/189815619,MARMLS,A11626196,N,Y,25.6052352,-80.5549561
MLS Listing,,Single Family Residential,1122 NW 59th St,Miami,FL,33127,400000,3,1.0,GABEL SUB NO 4,840,5480,1959,1,476,,Active,,,https://www.redfin.com/FL/Miami/1122-NW-59th-St-33127/home/42681138,MARMLS,A11625417,N,Y,25.8300551,-80.2151875
MLS Listing,,Townhouse,22520 SW 124 Ct Unit B,Miami,FL,33170,589990,5,3.0,CHLOES ESTATES,,,2024,1,,,Active,,,https://www.redfin.com/FL/Miami/22520-SW-124-CT-Unknown/unit-B/home/189814892,MARMLS,A11626187,N,Y,25.7616798,-80.1917902
MLS Listing,,Single Family Residential,3044 SW 15 St,Miami,FL,33145,749500,3,3.0,MCALLISTER TERR,1210,6950,1926,1,619,,Active,,,https://www.redfin.com/FL/Miami/3044-SW-15th-St-33145/home/42746635,MARMLS,A11624242,N,Y,25.7581481,-80.2439352
MLS Listing,,Townhouse,22520 SW 124 Ct Unit A,Miami,FL,33170,599990,5,4.0,CHLOES ESTATES,,,2024,1,,,Active,,,https://www.redfin.com/FL/Quail-Heights/22520-SW-124-CT-33170/unit-A/home/189811704,MARMLS,A11626168,N,Y,25.6052352,-80.5549561
MLS Listing,,Condo/Co-op,1750 NE 191st St Unit 315-3,Miami,FL,33179,149000,1,1.5,JADE WINDS GROUP-DAISY GA,1036,,1970,1,144,1108,Active,,,https://www.redfin.com/FL/Miami/1750-NE-191st-St-33179/unit-315-3/home/43008390,MARMLS,A11624115,N,Y,25.9492128,-80.1674101
MLS Listing,,Townhouse,22480 SW 124 Ct Unit B,Miami,FL,33170,589990,5,3.0,CHLOES ESTATES,,,2024,1,,,Active,,,https://www.redfin.com/FL/Quail-Heights/22480-SW-124-CT-33170/unit-B/home/189806616,MARMLS,A11626161,N,Y,25.6052352,-80.5549561
MLS Listing,,Vacant Land,,Miami,FL,33196,1550000,,,,,204601,,1,,,Active,,,https://www.redfin.com/FL/Miami/Undisclosed-address-33196/home/169651862,MARMLS,A11625538,N,Y,25.637231,-80.5279062
MLS Listing,,Townhouse,22440 SW 124 Ct Unit B,Miami,FL,33170,589990,5,3.0,CHLOES ESTATES,,,2024,1,,,Active,,,https://www.redfin.com/FL/Quail-Heights/22440-SW-124-CT-33170/unit-B/home/189805244,MARMLS,A11626147,N,Y,25.6052352,-80.5549561
MLS Listing,,Townhouse,22440 SW 124 Ct Unit A,Miami,FL,33170,599990,5,4.0,CHLOES ESTATES,,,2024,1,,,Active,,,https://www.redfin.com/FL/Quail-Heights/22440-SW-124-CT-33170/unit-A/home/189804790,MARMLS,A11626139,N,Y,25.6052352,-80.5549561
MLS Listing,,Condo/Co-op,480 NE 31st St #1005,Miami,FL,33137,1100000,2,3.0,GRAN PARAISO CONDO,1143,,2019,1,962,1476,Active,,,https://www.redfin.com/FL/Miami/480-NE-31st-St-33137/unit-1005/home/55271191,MARMLS,A11626135,N,Y,25.8061865,-80.1871761
MLS Listing,,Single Family Residential,1394 NW 42nd St,Miami,FL,33142,520000,2,1.0,N MIAMI ESTATES,1156,9145,1940,1,450,,Active,,,https://www.redfin.com/FL/Miami/1394-NW-42nd-St-33142/home/42692115,MARMLS,A11626111,N,Y,25.8139795,-80.2198063
MLS Listing,,Single Family Residential,14510 SW 74th St,Miami,FL,33183,850000,3,2.0,KENDALE LAKES SEC EIGHT,1864,11900,1972,1,456,,Active,July-20-2024 02:00 PM,July-20-2024 05:00 PM,https://www.redfin.com/FL/Miami/14510-SW-74th-St-33183/home/43143931,MARMLS,A11625515,N,Y,25.6980643,-80.4275862
MLS Listing,,Single Family Residential,9099 SW 133rd Ct Unit G,Miami,FL,33186,450000,2,2.0,CALUSA POINT,1446,,1987,1,311,286,Active,July-20-2024 12:00 PM,July-20-2024 03:00 PM,https://www.redfin.com/FL/Miami/9099-SW-133rd-Ct-33186/unit-G/home/43463688,MARMLS,A11625363,N,Y,25.6825708,-80.409942
MLS Listing,,Single Family Residential,15925 SW 136th Ter,Miami,FL,33196,1317000,4,3.5,Serenity,2847,14038,2017,1,463,90,Active,July-20-2024 12:01 PM,July-20-2024 03:00 PM,https://www.redfin.com/FL/Miami/15925-SW-136th-Ter-33196/home/145575666,MARMLS,A11623466,N,Y,25.6395653,-80.4520926
MLS Listing,,Townhouse,16367 SW 103rd St #16367,Miami,FL,33196,579900,3,2.5,FOREST LAKES COUNTRY GARD,1957,,1998,1,296,90,Active,,,https://www.redfin.com/FL/Miami/16367-SW-103rd-St-33196/unit-16367/home/109074817,MARMLS,A11624434,N,Y,25.6703143,-80.4607682
MLS Listing,,Single Family Residential,6853 S Waterway Dr,Miami,FL,33155,710000,0,,CENTRAL MIAMI PART THREE C,,9000,2024,1,,,Active,,,https://www.redfin.com/FL/Miami/6853-S-Waterway-Dr-33155/home/43435622,MARMLS,A11625124,N,Y,25.7383724,-80.3059631
MLS Listing,,Condo/Co-op,10790 N Kendall Dr Unit C22,Miami,FL,33176,259000,2,1.0,SPANISH TRACE CONDO,800,,1968,1,324,496,Active,,,https://www.redfin.com/FL/Miami/10790-N-Kendall-Dr-33176/unit-C22/home/43153172,MARMLS,A11622642,N,Y,25.6852539,-80.3675678
MLS Listing,,Townhouse,22923 SW 112th Ct,Miami,FL,33170,419900,3,2.5,SILVER PALM HOMES,1559,,2006,1,269,80,Active,,,https://www.redfin.com/FL/Miami/22923-SW-112th-Ct-33170/home/43319615,MARMLS,A11626023,N,Y,25.5539962,-80.3723937
MLS Listing,,Single Family Residential,9741 SW 115th Ave,Miami,FL,33176,865000,3,2.0,GLEN COVE SEC 1,1717,10570,1979,1,504,,Active,,,https://www.redfin.com/FL/Miami/9741-SW-115th-Ave-33176/home/43152133,MARMLS,A11625988,N,Y,25.6771521,-80.380094
MLS Listing,,Condo/Co-op,335 S Biscayne Blvd #3607,Miami,FL,33131,699000,2,2.0,ONE MIAMI EAST CONDO,1178,,2005,1,593,1456,Active,,,https://www.redfin.com/FL/Miami/335-S-Biscayne-Blvd-33131/unit-3607/home/43433791,MARMLS,A11625471,N,Y,25.7715015,-80.1862253
MLS Listing,,Multi-Family (2-4 Unit),300 NW 13th Ave,Miami,FL,33125,950000,,,LAWRENCE ESTATE LAND CO,1805,,1939,1,526,,Active,,,https://www.redfin.com/FL/Miami/300-NW-13th-Ave-33125/home/42733739,MARMLS,A11625963,N,Y,25.7765024,-80.216672
MLS Listing,,Vacant Land,157 SW 208 Ave,Miami,FL,33187,295000,,,,,59242,,1,,,Active,,,https://www.redfin.com/FL/Miami/157-SW-208-AVE-33187/home/188700482,MARMLS,A11625978,N,Y,25.5994424,-80.4660256
MLS Listing,,Single Family Residential,2120 NE 208th St,Miami,FL,33179,1699995,5,3.0,Highland Lakes Sec 08,2500,9350,1973,1,680,,Active,,,https://www.redfin.com/FL/Miami/2120-NE-208th-St-33179/home/42959157,Beaches MLS,F10451716,N,Y,25.9672178,-80.1593635
MLS Listing,,Single Family Residential,500 NW 46th St,Miami,FL,33127,700000,2,1.0,BAY VISTA PARK AMD PL,1098,5450,1941,1,638,,Active,,,https://www.redfin.com/FL/Miami/500-NW-46th-St-33127/home/42690482,MARMLS,A11625729,N,Y,25.817406,-80.2039571
MLS Listing,,Condo/Co-op,121 NE 34th St #910,Miami,FL,33137,465000,1,1.0,3401 MIDTOWN CONDO,593,,2018,1,784,910,Active,,,https://www.redfin.com/FL/Miami/121-NE-34th-St-33137/unit-910/home/79137324,MARMLS,A11625956,N,Y,25.8085215,-80.1924866
MLS Listing,,Condo/Co-op,11001 NW 7th St Unit 101-7,Miami,FL,33172,255000,1,1.0,PATIO WEST ONE CONDO,767,,1984,1,332,196,Active,,,https://www.redfin.com/FL/Miami/11001-NW-7th-St-33172/unit-101-7/home/43030352,MARMLS,A11625507,N,Y,25.7757663,-80.3764967
MLS Listing,,Vacant Land,3671 SW 26th Ter,Miami,FL,33133,850000,,,Â¤MOTTL PARK,,6934,,1,,,Active,,,https://www.redfin.com/FL/Miami/3671-SW-26th-Ter-33133/home/42751761,MARMLS,A11618189,N,Y,25.742276,-80.253478
MLS Listing,,Single Family Residential,225 SW 48th Ct,Miami,FL,33134,860000,4,3.5,1ST ADDN TO PINEHURST VIL,2731,7000,1946,1,315,,Active,,,https://www.redfin.com/FL/Coral-Gables/225-SW-48th-Ct-33134/home/42741450,MARMLS,A11625924,N,Y,25.7694242,-80.2744782
MLS Listing,,Townhouse,4257 SW 129th Ave,Miami,FL,33175,450000,3,1.0,Royale Green,1015,,1971,1,443,,Active,,,https://www.redfin.com/FL/Miami/4257-SW-129th-Ave-33175/home/43126387,Beaches MLS,F10451697,N,Y,25.7283892,-80.4040532
MLS Listing,,Single Family Residential,10800 SW 135th Ter,Miami,FL,33176,1500000,5,4.0,ANKAT ESTATES,4016,14738,1994,1,374,,Active,,,https://www.redfin.com/FL/Miami/10800-SW-135th-Ter-33176/home/43152066,MARMLS,A11625282,N,Y,25.6430338,-80.3692795
MLS Listing,,Condo/Co-op,2411 NW 11th St Unit 11D,Miami,FL,33125,375000,2,1.5,BILTMORE CLUB VILLAS TOWN,1105,,1975,1,339,561,Active,,,https://www.redfin.com/FL/Miami/2411-NW-11th-St-33125/unit-11D/home/42714082,MARMLS,A11625915,N,Y,25.783732,-80.235904
MLS Listing,,Single Family Residential,,Miami,FL,33185,699000,3,2.0,,2069,5271,1983,1,338,160,Active,,,https://www.redfin.com/FL/Miami/Undisclosed-address-33185/home/43119460,MARMLS,A11625034,N,Y,25.7166414,-80.4382342
MLS Listing,,Single Family Residential,8254 SW 147th Pl,Miami,FL,33193,650000,3,2.0,CARIBE HOMES,1631,4926,1988,1,399,,Active,,,https://www.redfin.com/FL/Miami/8254-SW-147th-Pl-33193/home/43142595,MARMLS,A11625268,N,Y,25.6894683,-80.4316951
MLS Listing,,Single Family Residential,,Miami,FL,33180,560000,3,2.0,,1139,5000,1948,1,492,,Active,,,https://www.redfin.com/FL/Miami/Undisclosed-address-33180/home/42951476,MARMLS,A11625787,N,Y,25.9734095,-80.1490271
MLS Listing,,Townhouse,17769 SW 139th Ct,Miami,FL,33177,415000,3,2.5,WEITZER SERENA LAKES TOWN,1220,,1998,1,340,139,Active,,,https://www.redfin.com/FL/Miami/17769-SW-139th-Ct-33177/home/43430684,MARMLS,A11625880,N,Y,25.6023376,-80.418219
MLS Listing,,Single Family Residential,21221 NE 25th Ct,Miami,FL,33180,999970,3,2.0,SUNSWEPT ISLE,1650,7500,1957,1,606,,Active,,,https://www.redfin.com/FL/Miami/21221-NE-25th-Ct-33180/home/42956505,MARMLS,A11625575,N,Y,25.9721394,-80.1506236
MLS Listing,,Single Family Residential,6115 NW 30th Ave,Miami,FL,33142,350000,2,1.0,HIALEAH HEIGHTS,576,4688,1950,1,608,,Active,,,https://www.redfin.com/FL/Miami/6115-NW-30th-Ave-33142/home/43038460,MARMLS,A11625381,N,Y,25.830449,-80.2449232
MLS Listing,,Single Family Residential,6630 SW 44th St,Miami,FL,33155,899000,3,2.0,BIRD ROAD TERRACE,1200,11680,1952,1,749,,Active,,,https://www.redfin.com/FL/Miami/6630-SW-44th-St-33155/home/43086007,MARMLS,A11625843,N,Y,25.7294517,-80.3024927
MLS Listing,,Condo/Co-op,950 Brickell Bay Dr #403,Miami,FL,33131,460000,1,1.0,THE PLAZA 851 BRICKELL CO,692,,2008,1,665,761,Active,,,https://www.redfin.com/FL/Miami/950-Brickell-Bay-Dr-33131/unit-403/home/42677957,MARMLS,A11620775,N,Y,25.7649621,-80.1901155
MLS Listing,,Single Family Residential,445 NW 60th Ct,Miami,FL,33126,599999,4,2.5,WEST FLAGLER PK SEC B,924,4880,1954,1,649,,Active,,,https://www.redfin.com/FL/Miami/445-NW-60th-Ct-33126/home/42732658,MARMLS,A11625821,N,Y,25.7756604,-80.2943447
MLS Listing,,Condo/Co-op,7280 SW 90th St #608,Miami,FL,33156,330000,1,1.0,Downtown Dadeland,852,,2008,1,387,718,Active,,,https://www.redfin.com/FL/Miami/7280-SW-90th-St-33156/unit-608/home/43404457,Beaches MLS,F10451664,N,Y,25.6867661,-80.3125875
MLS Listing,,Single Family Residential,10820 SW 165th St,Miami,FL,33157,599900,3,2.0,EL ALAMO SUB,1703,8502,1973,1,352,,Active,,,https://www.redfin.com/FL/Miami/10820-SW-165th-St-33157/home/43170705,MARMLS,A11623712,N,Y,25.6158592,-80.3689597
MLS Listing,,Single Family Residential,7920 SW 22nd St,Miami,FL,33155,689999,3,2.0,MIRACLE MANOR 3RD ADDN,1110,7500,1957,1,622,,Active,,,https://www.redfin.com/FL/Miami/7920-SW-22nd-St-33155/home/43061532,MARMLS,A11625041,N,Y,25.7494361,-80.3244224
MLS Listing,,Townhouse,14413 SW 143rd Ct #14413,Miami,FL,33186,520000,3,2.0,COUNTRY WALK TOWNHOUSES S,1674,,1982,1,311,249,Active,,,https://www.redfin.com/FL/Miami/14413-SW-143rd-Ct-33186/unit-14413/home/108448780,MARMLS,A11625302,N,Y,25.6322761,-80.4241178
MLS Listing,,Condo/Co-op,1861 NW S River Dr #2403,Miami,FL,33125,430000,2,2.0,Terrazas RiverPark Village,935,,2010,1,460,1182,Active,,,https://www.redfin.com/FL/Miami/1861-NW-South-River-Dr-33125/unit-2403/home/43444416,MARMLS,A11625769,N,Y,25.7850371,-80.225901
MLS Listing,,Condo/Co-op,3000 Coral Way #808,Miami,FL,33145,550000,2,2.0,THE ASTON CONDO,1085,,2003,1,507,980,Active,,,https://www.redfin.com/FL/Miami/3000-Coral-Way-33145/unit-808/home/43286357,MARMLS,A11625779,N,Y,25.7500298,-80.2421789
MLS Listing,,Townhouse,14830 SW 124th Pl,Miami,FL,33186,439900,2,2.0,VILLAS OF DEERWOOD PHASE 1,1302,,1981,1,338,225,Active,July-20-2024 01:00 PM,July-20-2024 04:00 PM,https://www.redfin.com/FL/Miami/14830-SW-124th-Pl-33186/home/43200668,MARMLS,A11622465,N,Y,25.629809,-80.394439
MLS Listing,,Condo/Co-op,475 Brickell Ave #4715,Miami,FL,33131,1050000,2,2.0,ICONBRICKELL CONDO NO 1,1168,,2008,1,899,1373,Active,,,https://www.redfin.com/FL/Miami/475-Brickell-Ave-33131/unit-4715/home/43401856,MARMLS,A11625364,N,Y,25.7690722,-80.188606
MLS Listing,,Condo/Co-op,79 SW 12th St Unit 3507-S,Miami,FL,33130,699000,2,2.0,THE AXIS ON BRICKELL CONDO,1108,,2008,1,631,1092,Active,,,https://www.redfin.com/FL/Miami/79-SW-12th-St-33130/unit-3507S/home/43474924,MARMLS,A11625526,N,Y,25.7626354,-80.1946435
MLS Listing,,Condo/Co-op,1100 Biscayne Blvd #3904,Miami,FL,33132,1250000,2,2.5,MARQUIS CONDO,1477,,2009,1,846,1882,Active,,,https://www.redfin.com/FL/Miami/1100-Biscayne-Blvd-33132/unit-3904/home/42676427,MARMLS,A11625741,N,Y,25.785199,-80.1901123
MLS Listing,,Condo/Co-op,13953 Kendale Lakes Cir Unit 507B,Miami,FL,33183,320000,2,2.0,TOWERS OF KENDALE LAKES C,1296,,1973,1,247,698,Active,,,https://www.redfin.com/FL/Miami/13953-Kendale-Lakes-Cir-33183/unit-507B/home/43131151,MARMLS,A11625746,N,Y,25.706342,-80.421354
MLS Listing,,Condo/Co-op,117 NW 42nd Ave #908,Miami,FL,33126,410000,2,2.0,MEDITERRANEA CONDO,942,,2006,1,435,585,Active,,,https://www.redfin.com/FL/Miami/117-NW-42nd-Ave-33126/unit-908/home/43355612,MARMLS,A11625724,N,Y,25.7729187,-80.2633635
MLS Listing,,Condo/Co-op,10661 SW 108th Ave Unit 2H,Miami,FL,33176,260000,2,2.0,THE PRADO CONDO,911,,1975,1,285,445,Active,,,https://www.redfin.com/FL/Miami/10661-SW-108th-Ave-33176/unit-2H/home/43154406,MARMLS,A11625734,N,Y,25.6696847,-80.3688939
MLS Listing,,Single Family Residential,13753 SW 9th St,Miami,FL,33184,675000,3,2.0,ALBA GARDENS SEC 5,1410,5000,1987,1,479,,Active,,,https://www.redfin.com/FL/Miami/13753-SW-9th-St-33184/home/43107983,MARMLS,A11625345,N,Y,25.7591886,-80.4182248
MLS Listing,,Condo/Co-op,801 NW 47th Ave Unit 504W,Miami,FL,33126,216000,1,1.0,YOLANDA VILLAS CONDO,605,,1972,1,357,360,Active,,,https://www.redfin.com/FL/Miami/801-NW-47th-Ave-33126/unit-504W/home/43388012,MARMLS,A11625574,N,Y,25.7801011,-80.2550574
MLS Listing,,Condo/Co-op,2600 SW 27th Ave Ph 04,Miami,FL,33133,549000,2,2.0,GATEWAY TO THE GROVE COND,997,,2006,1,551,802,Pre On-Market,,,https://www.redfin.com/FL/Miami/2600-SW-27th-Ave-33133/unit-04/home/43377525,MARMLS,A11625250,N,Y,25.743157,-80.238323
MLS Listing,,Single Family Residential,1776 NW 78th St,Miami,FL,33147,479000,3,1.0,VICTORIA MANOR,1118,5250,2005,1,428,,Active,,,https://www.redfin.com/FL/Miami/1776-NW-78th-St-33147/home/43038278,MARMLS,A11625479,N,Y,25.8455062,-80.2268377
MLS Listing,,Condo/Co-op,3900 Biscayne Blvd Unit S-412,Miami,FL,33137,860000,2,2.0,QUADRO CONDO,1062,,2019,1,810,1352,Active,,,https://www.redfin.com/FL/Miami/3900-Biscayne-Blvd-33137/unit-S412/home/171961144,MARMLS,A11625695,N,Y,25.81385,-80.1895382
MLS Listing,,Condo/Co-op,8005 SW 107th Ave #313,Miami,FL,33173,325000,2,2.0,THE HORIZONS CONDO #6,965,,1981,1,337,700,Active,July-20-2024 01:00 PM,July-20-2024 03:00 PM,https://www.redfin.com/FL/Miami/8005-SW-107th-Ave-33173/unit-313/home/43097688,MARMLS,A11624662,N,Y,25.6934796,-80.364573
MLS Listing,,Condo/Co-op,1600 NE 1st Ave #2211,Miami,FL,33132,499000,1,1.5,CANVAS CONDO,865,,2018,1,577,863,Active,,,https://www.redfin.com/FL/Miami/1600-NE-1st-Ave-33132/unit-2211/home/168005539,MARMLS,A11620022,N,Y,25.7911926,-80.1925775
MLS Listing,,Townhouse,15878 SW 70th Ter Unit na,Miami,FL,33193,474999,3,2.5,P A AT WEST SUNSET,1848,,1996,1,257,107,Active,July-20-2024 01:00 PM,July-20-2024 03:15 PM,https://www.redfin.com/FL/Miami/15878-SW-70th-Ter-33193/unit-na/home/191591428,MARMLS,A11624041,N,Y,25.7002592,-80.4497295
MLS Listing,,Condo/Co-op,750 NE 64th St Unit B108,Miami,FL,33138,470000,2,2.0,NIRVANA CONDO NO THREE CO,990,,1972,1,475,131500,Active,,,https://www.redfin.com/FL/Miami/750-NE-64th-St-33138/unit-B108/home/43301661,MARMLS,A11625079,N,Y,25.8344723,-80.1811968
MLS Listing,,Single Family Residential,17111 SW 115th Ave,Miami,FL,33157,590000,3,2.0,COLONIAL PINES,1343,6689,1987,1,439,,Active,,,https://www.redfin.com/FL/Miami/17111-SW-115th-Ave-33157/home/43431109,MARMLS,A11622941,N,Y,25.6094298,-80.3792676
MLS Listing,,Condo/Co-op,13959 SW 91st Ter #13959,Miami,FL,33186,380000,3,2.0,PARC VISTA CONDO,1312,,1987,1,290,496,Active,,,https://www.redfin.com/FL/Miami/13959-SW-91st-Ter-33186/unit-13959/home/43305668,MARMLS,A11624726,N,Y,25.681053,-80.419631
MLS Listing,,Single Family Residential,13624 SW 119th Ave,Miami,FL,33186,619999,4,2.0,FOUR LAKES SEC 7,1954,5963,2001,1,317,204,Active,,,https://www.redfin.com/FL/Miami/13624-SW-119th-Ave-33186/home/43268621,MARMLS,A11625656,N,Y,25.6411696,-80.3873004
MLS Listing,,Single Family Residential,5790 SW 51st St,Miami,FL,33155,1500000,4,3.0,BILTMORE HEIGHTS RED RD A,2552,10680,1948,1,588,,Active,July-21-2024 02:00 PM,July-21-2024 04:00 PM,https://www.redfin.com/FL/Miami/5790-SW-51st-St-33155/home/43424521,MARMLS,A11625320,N,Y,25.7234261,-80.2878857
MLS Listing,,Condo/Co-op,219 NW 12th Ave #403,Miami,FL,33128,299000,2,2.0,SAN LORENZO CONDO,808,,2007,1,370,347,Active,,,https://www.redfin.com/FL/Miami/219-NW-12th-Ave-33128/unit-403/home/43396266,MARMLS,A11625669,N,Y,25.775781,-80.2142729
MLS Listing,,Single Family Residential,1867 NW 20th Ave,Miami,FL,33125,569000,2,1.0,MILLER LAWN,1706,5750,1946,1,334,,Active,,,https://www.redfin.com/FL/Miami/1867-NW-20th-Ave-33125/home/42719324,MARMLS,A11625667,N,Y,25.7929605,-80.2279746
MLS Listing,,Single Family Residential,4061 SW 102nd Ct,Miami,FL,33165,750000,3,1.0,HEFTLER HOMES SEC 2,988,9750,1959,1,759,,Active,,,https://www.redfin.com/FL/Miami/4061-SW-102nd-Ct-33165/home/43081584,MARMLS,A11619353,N,Y,25.7308726,-80.3604492
MLS Listing,,Townhouse,8401 SW 124th Ave #104,Miami,FL,33183,599999,4,2.5,KENDALL VILLAGE TOWNVILLA,1743,,2001,1,344,560,Active,,,https://www.redfin.com/FL/Miami/8401-SW-124th-Ave-33183/unit-104/home/43263448,MARMLS,A11625205,N,Y,25.689863,-80.3904529
MLS Listing,,Single Family Residential,12901 SW 229th St,Miami,FL,33170,941000,5,3.0,kendall north,3252,5361,2022,1,289,,Active,,,https://www.redfin.com/FL/Miami/12901-SW-229th-St-33170/home/183146441,MARMLS,A11622633,N,Y,25.5548151,-80.4009911
MLS Listing,,Single Family Residential,9333 NW 5th Ave,Miami,FL,33150,469000,5,3.0,PINEWOOD PARK PL AMD 2ND,1352,7199,1938,1,347,,Active,,,https://www.redfin.com/FL/Miami/9333-NW-5th-Ave-33150/home/43029642,MARMLS,A11625619,N,Y,25.8605523,-80.2052258
MLS Listing,,Single Family Residential,11044 SW 77th Ct Cir,Pinecrest,FL,33156,2895000,4,3.0,ARABESQUE,3254,18016,1990,1,890,200,Active,,,https://www.redfin.com/FL/Pinecrest/11044-SW-77th-Court-Cir-33156/home/42913418,MARMLS,A11625542,N,Y,25.666835,-80.318929
MLS Listing,,Single Family Residential,5035 SW 111th Ave,Miami,FL,33165,869000,5,3.0,WESTWOOD LAKE 5TH ADDN,2178,8991,1957,1,399,,Active,,,https://www.redfin.com/FL/Miami/5035-SW-111th-Ave-33165/home/43070170,MARMLS,A11625613,N,Y,25.720516,-80.374064
MLS Listing,,Condo/Co-op,,Miami,FL,33131,750000,1,1.0,,898,,2009,1,835,2884,Active,,,https://www.redfin.com/FL/Miami/Undisclosed-address-33131/home/43416049,MARMLS,A11608178,N,Y,25.7686625,-80.188727
MLS Listing,,Single Family Residential,1756 SW 23rd Ave,Miami,FL,33145,665000,4,3.0,CLEVELAND TERRACE,1640,7473,1920,1,405,,Active,,,https://www.redfin.com/FL/Miami/1756-SW-23rd-Ave-33145/home/42739414,MARMLS,A11625537,N,Y,25.7555073,-80.2325686
MLS Listing,,Condo/Co-op,5325 SW 77th Ct Unit 210F,Miami,FL,33155,220000,1,1.0,LAKEVIEW GARDENS CONDO,628,,1967,1,350,220,Active,,,https://www.redfin.com/FL/Miami/5325-SW-77th-Ct-33155/unit-210F/home/43087265,MARMLS,A11625523,N,Y,25.7200171,-80.3197565
MLS Listing,,Mobile/Manufactured Home,11202 NW 5th Ter,Sweetwater,FL,33172,136000,4,3.0,SWEETWATER GROVES .14 AC,,197109,1997,1,,1000,Active,,,https://www.redfin.com/FL/Miami/11202-NW-5th-Ter-33172/home/191616914,MARMLS,A11624934,N,Y,25.7738766,-80.3778348
MLS Listing,,Multi-Family (2-4 Unit),2740-2742 SW 29th Ave,Miami,FL,33133,2100000,6,7.0,KARNAT SUB,4216,,2017,1,498,,Active,,,https://www.redfin.com/FL/Miami/2740-SW-29th-Ave-33133/home/42753989,MARMLS,A11625579,N,Y,25.7411097,-80.2406564
MLS Listing,,Condo/Co-op,1401 NE Miami Gardens Dr #993,Miami,FL,33179,178000,1,1.5,FIFITH MOORINGS CONDO,921,,1969,1,193,444,Active,,,https://www.redfin.com/FL/Miami/1401-NE-Miami-Gardens-Dr-33179/unit-993/home/43010244,MARMLS,A11622289,N,Y,25.9454266,-80.1726409
MLS Listing,,Single Family Residential,17812 SW 152nd Ct,Miami,FL,33187,599900,3,2.0,MAJESTIC ESTATES 1ST ADDN,1472,6322,1998,1,408,,Active,,,https://www.redfin.com/FL/Miami/17812-SW-152nd-Ct-33187/home/43206643,MARMLS,A11624723,N,Y,25.6012856,-80.438929
MLS Listing,,Vacant Land,2100 NW 19th Ave,Miami,FL,33142,1950000,,,WALKERS SUB,,14768,,1,,,Active,,,https://www.redfin.com/FL/Miami/2100-NW-19th-Ave-33142/home/170640739,MARMLS,A11625548,N,Y,25.7957796,-80.2275931
MLS Listing,,Condo/Co-op,250 NW 23rd St #202,Miami,FL,33127,949000,1,1.0,WYNWOOD LOFTS CONDO,1463,,2005,1,649,625,Active,,,https://www.redfin.com/FL/Miami/250-NW-23rd-St-33127/unit-202/home/43337059,MARMLS,A11621563,N,Y,25.7992969,-80.1998521
MLS Listing,,Condo/Co-op,15600 NW 7th Ave #306,Miami,FL,33169,173000,1,1.0,PARKWAY TOWERS BLDG 1 CON,840,,1972,1,206,311,Active,,,https://www.redfin.com/FL/Miami/15600-NW-7th-Ave-33169/unit-306/home/42995816,MARMLS,A11625501,N,Y,25.9177078,-80.2128287
MLS Listing,,Condo/Co-op,475 Brickell Ave #1110,Miami,FL,33131,445000,0,1.0,ICONBRICKELL CONDO NO 1,546,,2008,1,815,864,Active,,,https://www.redfin.com/FL/Miami/475-Brickell-Ave-33131/unit-1110/home/43400127,MARMLS,A11625056,N,Y,25.7690722,-80.188606
MLS Listing,,Single Family Residential,2431 NW 23rd St,Miami,FL,33142,725000,4,3.0,DR BURKHARTS WINTER GDN R,1904,6328,1947,1,381,,Active,,,https://www.redfin.com/FL/Miami/2431-NW-23rd-St-33142/home/42692996,MARMLS,A11625524,N,Y,25.7983648,-80.2363113
MLS Listing,,Condo/Co-op,455 NE 25th St #510,Miami,FL,33137,390000,1,1.5,BAYLOFTS CONDO,835,,2004,1,467,606,Active,,,https://www.redfin.com/FL/Miami/455-NE-25th-St-33137/unit-510/home/43312712,MARMLS,A11625332,N,Y,25.8012184,-80.1874305
MLS Listing,,Condo/Co-op,3137 SW 27th Ave Unit 2C,Miami,FL,33133,2500000,3,3.5,OPUS Coconut Grove,1945,,2026,1,1285,3949,Active,,,https://www.redfin.com/FL/Miami/3137-SW-27th-Ave-33133/unit-2C/home/191615444,MARMLS,A11621124,N,Y,25.7332479,-80.2372513
MLS Listing,,Vacant Land,3448 Charles Ave,Miami,FL,33133,735000,,,FROW HOMESTEAD,,5000,,1,,,Active,,,https://www.redfin.com/FL/Miami/3448-Charles-Ave-33133/home/168018740,MARMLS,A11625398,N,Y,25.7253746,-80.2487072
MLS Listing,,Single Family Residential,10721 SW 148th St,Miami,FL,33176,557000,4,2.0,RICHMOND HEIGHTS ESTATES,1552,7875,1959,1,359,,Active,,,https://www.redfin.com/FL/Miami/10721-SW-148th-St-33176/home/43155448,MARMLS,A11625502,N,Y,25.6319022,-80.3671935
MLS Listing,,Condo/Co-op,10651 SW 108th Ave Unit 2E,Miami,FL,33176,285000,2,2.0,THE PRADO CONDO,911,,1975,1,313,362,Active,,,https://www.redfin.com/FL/Miami/10651-SW-108th-Ave-33176/unit-2E/home/43151005,MARMLS,A11625394,N,Y,25.6701482,-80.3698291
MLS Listing,,Single Family Residential,7521 SW 56th St,Miami,FL,33155,3000000,5,4.5,MARINA LAKES,4084,22800,1977,1,735,,Active,,,https://www.redfin.com/FL/Miami/7521-SW-56th-St-33155/home/104343002,MARMLS,A11625469,N,Y,25.718207,-80.3166765
MLS Listing,,Single Family Residential,,Miami,FL,33147,395700,4,2.0,,1752,6000,1947,1,226,,Active,,,https://www.redfin.com/FL/Miami/Undisclosed-address-33147/home/43023736,MARMLS,A11620587,N,Y,25.8540022,-80.2396122
MLS Listing,,Single Family Residential,7800 SW 9th Ter,Miami,FL,33144,2300000,5,4.0,2ND AMD PLAT OF GLADEMOOR,3618,13988,2019,1,636,,Active,,,https://www.redfin.com/FL/Miami/7800-SW-9th-Ter-33144/home/168167311,MARMLS,A11625464,N,Y,25.7609828,-80.3226708
MLS Listing,,Condo/Co-op,19105 NE 2nd Ave #2111,Miami,FL,33179,159900,2,2.0,STAR LAKES ESTATES NO 21,1025,,1970,1,156,394,Active,,,https://www.redfin.com/FL/Miami/19105-NE-2nd-Ave-33179/unit-2111/home/43011368,MARMLS,A11625384,N,Y,25.9509472,-80.1970965
MLS Listing,,Condo/Co-op,925 NE 199th St #102,Miami,FL,33179,220000,3,2.0,CARMEL CALIFORNIA CLUB CO,1070,,1987,1,206,385,Active,,,https://www.redfin.com/FL/Miami/925-NE-199th-St-33179/unit-102/home/42955211,MARMLS,A11624198,N,Y,25.959001,-80.1827069
MLS Listing,,Condo/Co-op,5091 NW 7th St #807,Miami,FL,33126,375000,2,1.0,BLUE LAGOON CONDO,852,,2003,1,440,535,Active,,,https://www.redfin.com/FL/Miami/5091-NW-7th-St-33126/unit-807/home/43345129,MARMLS,A11619570,N,Y,25.7795347,-80.277627
MLS Listing,,Condo/Co-op,5199 NW 7th St #111,Miami,FL,33126,299000,0,1.0,EL CID CONDO,504,,1972,1,593,225,Active,,,https://www.redfin.com/FL/Miami/5199-NW-7th-St-33126/unit-111/home/42715028,MARMLS,A11625411,N,Y,25.7789211,-80.2798061
MLS Listing,,Vacant Land,,Miami,FL,33138,235000,,,,,2272,,1,,,Active,,,https://www.redfin.com/FL/Miami/Undisclosed-address-33138/home/167995861,MARMLS,A11625409,N,Y,25.8459734,-80.1950464
MLS Listing,,Single Family Residential,8521 SW 10th Ter,Miami,FL,33144,699000,3,2.0,P A A SUB,1452,4500,1993,1,481,,Active,,,https://www.redfin.com/FL/Miami/8521-SW-10th-Ter-33144/home/43056124,MARMLS,A11625382,N,Y,25.7599238,-80.3336108
MLS Listing,,Condo/Co-op,14203 SW 66th St #308,Miami,FL,33183,399000,3,2.0,RACQUET CLUB OF KENDALE L,1400,,1977,1,285,551,Active,July-20-2024 11:00 AM,July-20-2024 01:00 PM,https://www.redfin.com/FL/Miami/14203-SW-66th-St-33183/unit-308/home/43130985,MARMLS,A11625233,N,Y,25.7051715,-80.4236257
MLS Listing,,Single Family Residential,841 Alberca St,Coral Gables,FL,33134,895000,2,2.0,1ST ADDN GRANADA PLACE,884,5640,1942,1,1012,,Active,,,https://www.redfin.com/FL/Coral-Gables/841-Alberca-St-33134/home/42807271,MARMLS,A11625362,N,Y,25.7625299,-80.2760391
MLS Listing,,Condo/Co-op,250 NW 23rd St #412,Miami,FL,33127,925000,2,1.0,WYNWOOD LOFTS CONDO,1463,,2005,1,632,625,Active,,,https://www.redfin.com/FL/Miami/250-NW-23rd-St-33127/unit-412/home/43330042,MARMLS,A11625350,N,Y,25.7992969,-80.1998521
MLS Listing,,Condo/Co-op,8827 SW 123rd Ct #402,Miami,FL,33186,330000,2,2.0,KENLAND WALK CONDO IV,1005,,1987,1,328,430,Active,,,https://www.redfin.com/FL/Miami/8827-SW-123rd-Ct-33186/unit-402/home/43432682,MARMLS,A11624556,N,Y,25.6851139,-80.3951891
MLS Listing,,Condo/Co-op,700 NE 26th Ter #1202,Miami,FL,33137,2700000,2,3.5,Missoni Baia Condominium,2347,,2023,1,1150,2826,Active,,,https://www.redfin.com/FL/Miami/700-NE-26th-Ter-33137/unit-1202/home/186499461,MARMLS,A11625330,N,Y,25.8021976,-80.1857897
MLS Listing,,Single Family Residential,10864 SW 141st Ln,Miami,FL,33176,749999,5,3.0,8TH ADDN TO RICHMOND HEIG,4189,7500,1975,1,179,,Active,,,https://www.redfin.com/FL/Miami/10864-SW-141st-Ln-33176/home/43153148,MARMLS,A11625329,N,Y,25.6384421,-80.3698876
MLS Listing,,Vacant Land,6901 Valencia Dr,Miami Beach,FL,33109,42500000,,,LINDISFARNE ON FISHER ISL,,48893,,1,,,Active,,,https://www.redfin.com/FL/Miami-Beach/6901-Valencia-Dr-33109/home/61804543,MARMLS,A11624901,N,Y,25.7640411,-80.1476958
MLS Listing,,Single Family Residential,7425 SW 134th St,Pinecrest,FL,33156,3325000,5,5.0,GARDEN ESTATES,4014,15071,2012,1,828,,Active,,,https://www.redfin.com/FL/Pinecrest/7425-SW-134th-St-33156/home/43461367,MARMLS,A11625229,N,Y,25.6465431,-80.3145092
MLS Listing,,Condo/Co-op,9020 SW 125th Ave Unit F210,Miami,FL,33186,319900,2,2.0,KENLAND BEND SOUTH CONDO,1200,,1981,1,267,378,Active,,,https://www.redfin.com/FL/Miami/9020-SW-125th-Ave-33186/unit-F210/home/43175329,MARMLS,A11623881,N,Y,25.6827608,-80.398229
MLS Listing,,Condo/Co-op,1300 S Miami Ave #2001,Miami,FL,33130,1230000,2,2.0,1300 S MIAMI AVENUE CONDO,1495,,2016,1,823,1663,Active,,,https://www.redfin.com/FL/Miami/1300-S-Miami-Ave-33130/unit-2001/home/56742540,MARMLS,A11624195,N,Y,25.7613687,-80.1935743
MLS Listing,,Condo/Co-op,1750 N Bayshore Dr #1908,Miami,FL,33132,295000,0,1.0,0,,,2007,1,,588,Active,,,https://www.redfin.com/FL/Miami/1750-N-Bayshore-Dr-33132/unit-1908/home/43399000,MARMLS,A11624567,N,Y,25.7925085,-80.1871286
MLS Listing,,Single Family Residential,2320 NE 194th St,Miami,FL,33180,1695000,4,3.0,Enchanted Lake Sec 04,2073,8325,1963,1,818,,Active,July-21-2024 12:00 PM,July-21-2024 03:00 PM,https://www.redfin.com/FL/Miami/2320-NE-194th-St-33180/home/43421573,Beaches MLS,F10451440,N,Y,25.9543321,-80.154415
MLS Listing,,Condo/Co-op,350 S Miami Ave #3208,Miami,FL,33130,415000,1,1.0,WIND CONDO,768,,2008,1,540,850,Active,,,https://www.redfin.com/FL/Miami/350-S-Miami-Ave-33130/unit-3208/home/43402649,MARMLS,A11624806,N,Y,25.7704567,-80.1942331
MLS Listing,,Condo/Co-op,398 NE 5th St #2503,Miami,FL,33132,698000,0,1.0,Elser,439,,2022,1,1590,455,Active,,,https://www.redfin.com/FL/Miami/398-NE-5th-St-33132/unit-2503/home/185390864,MARMLS,A11624845,N,Y,25.7788802,-80.1890556
MLS Listing,,Condo/Co-op,3500 Coral Way #510,Miami,FL,33145,450000,2,2.0,CORAL PLAZA OF MIAMI COND,842,,2002,1,534,850,Active,,,https://www.redfin.com/FL/Miami/3500-Coral-Way-33145/unit-510/home/43286034,MARMLS,A11624931,N,Y,25.7493821,-80.250605
MLS Listing,,Single Family Residential,12763 SW 45th Ter,Miami,FL,33175,780000,3,2.0,ROYALE GREEN SEC 1,2038,8000,1970,1,383,,Active,,,https://www.redfin.com/FL/Miami/12763-SW-45th-Ter-33175/home/43123296,MARMLS,A11613280,N,Y,25.7257173,-80.400448
MLS Listing,,Condo/Co-op,244 Biscayne Blvd #1508,Miami,FL,33132,565000,2,2.0,VIZCAYNE NORTH CONDO,1006,,2008,1,562,1213,Active,,,https://www.redfin.com/FL/Miami/244-Biscayne-Blvd-33132/unit-1508/home/43404940,MARMLS,A11625176,N,Y,25.776438,-80.189609
MLS Listing,,Condo/Co-op,227 NE 2nd St #3002,Miami,FL,33132,499000,1,1.0,MAP OF MIAMI DADE CO. FL.,599,,2022,1,833,946,Active,,,https://www.redfin.com/FL/Miami/227-NE-2nd-St-33132/unit-3002/home/184157746,MARMLS,A11623765,N,Y,25.7765046,-80.189686
MLS Listing,,Townhouse,12170 SW 124th Ct,Miami,FL,33186,525000,3,2.5,Kendall Breeze,1602,,2002,1,328,298,Active,,,https://www.redfin.com/FL/Miami/12170-SW-124th-Ct-33186/home/43278593,Beaches MLS,F10451479,N,Y,25.655091,-80.3961298
MLS Listing,,Townhouse,7001 SW 109th Pl #7001,Miami,FL,33173,495000,3,2.0,SNAPPER CREEK TOWNHOUSES,1365,,1974,1,363,180,Active,July-20-2024 11:00 AM,July-20-2024 02:00 PM,https://www.redfin.com/FL/Miami/7001-SW-109th-Pl-33173/unit-7001/home/180698451,MARMLS,A11619654,N,Y,25.7028315,-80.3712477
MLS Listing,,Condo/Co-op,3535 Hiawatha Ave #202,Miami,FL,33133,7295000,4,5.5,RESIDENCES AT VIZCAYA CON,4520,,2011,1,1614,5107,Active,,,https://www.redfin.com/FL/Miami/3535-Hiawatha-Ave-33133/unit-202/home/50122645,MARMLS,A11625194,N,Y,25.7398074,-80.2189157
MLS Listing,,Single Family Residential,1510 NE 117th St,Miami,FL,33161,649000,3,2.0,BISCAYNE SHORES UNIT 4,1648,5000,1950,1,394,,Active,,,https://www.redfin.com/FL/Miami/1510-NE-117th-St-33161/home/43020465,MARMLS,A11624367,N,Y,25.8831225,-80.1679208
MLS Listing,,Single Family Residential,1500 NE 117th St,Miami,FL,33161,695000,3,2.0,BISCAYNE SHORES UNIT 4,1286,5000,1972,1,540,,Active,,,https://www.redfin.com/FL/Miami/1500-NE-117th-St-33161/home/43020460,MARMLS,A11624359,N,Y,25.8831206,-80.1680854
MLS Listing,,Single Family Residential,8841 SW 87th St,Miami,FL,33173,1289000,4,3.0,SNAPPER CREEK PARK UNIT N,2690,10000,1961,2,479,,Active,,,https://www.redfin.com/FL/Miami/8841-SW-87th-St-33173/home/43098322,MARMLS,A11624570,N,Y,25.6890533,-80.3364776
MLS Listing,,Single Family Residential,15218 SW 170th Ter,Miami,FL,33187,750000,4,3.0,KESSLER GROVE SEC 1,2107,8625,1995,2,356,,Active,,,https://www.redfin.com/FL/Miami/15218-SW-170th-Ter-33187/home/43204238,MARMLS,A11625045,N,Y,25.6084459,-80.4385507
MLS Listing,,Single Family Residential,2823 SW 149th Ave,Miami,FL,33185,824900,4,2.5,NILO SUB,1979,6000,2005,2,417,,Active,,,https://www.redfin.com/FL/Miami/2823-SW-149th-Ave-33185/home/43330074,MARMLS,A11621163,N,Y,25.7407332,-80.4359336
MLS Listing,,Condo/Co-op,851 NE 1st Ave #3208,Miami,FL,33132,1100000,2,3.0,PARAMOUNT MIAMI WORLDCENT,1498,,2019,2,734,2163,Active,,,https://www.redfin.com/FL/Miami/851-NE-1st-Ave-33132/unit-3208/home/171145530,MARMLS,A11625144,N,Y,25.7824532,-80.1918359
MLS Listing,,Vacant Land,46 St 31 Ave,Miami,FL,33142,370000,,,n/a,,7110,,2,,,Active,,,https://www.redfin.com/FL/Brownsville/46-St-33142/home/191608603,MARMLS,A11625143,N,Y,25.8163378,-80.246588
MLS Listing,,Townhouse,12720 SW 230th St,Miami,FL,33170,470000,3,2.5,D & B SUBDIVISION,1694,,2020,2,277,75,Active,,,https://www.redfin.com/FL/Miami/12720-SW-230th-St-33170/home/171992377,MARMLS,A11625043,N,Y,25.5526676,-80.3972619
MLS Listing,,Condo/Co-op,1300 S Miami Ave #1705,Miami,FL,33130,1180000,3,2.5,1300 S MIAMI AVENUE CONDO,1281,,2016,2,921,,Active,,,https://www.redfin.com/FL/Miami/1300-S-Miami-Ave-33130/unit-1705/home/56742661,MARMLS,A11625123,N,Y,25.7613687,-80.1935743
MLS Listing,,Townhouse,,Miami,FL,33155,450000,2,2.5,,1000,,1985,2,450,390,Active,,,https://www.redfin.com/FL/Miami/Undisclosed-address-33155/home/43087550,MARMLS,A11625115,N,Y,25.72941,-80.304493
MLS Listing,,Single Family Residential,1840 NW 53rd St,Miami,FL,33142,449900,2,1.0,FLORAL PK 1ST AMD,811,7500,1949,2,555,,Active,,,https://www.redfin.com/FL/Miami/1840-NW-53rd-St-33142/home/42686953,MARMLS,A11625099,N,Y,25.8233569,-80.2273606
MLS Listing,,Single Family Residential,7875 SW 29th Ter,Miami,FL,33155,1125000,5,3.0,SUNRISE MNR,2269,10000,1968,2,496,,Active,,,https://www.redfin.com/FL/Miami/7875-SW-29th-Ter-33155/home/43063691,MARMLS,A11623898,N,Y,25.7432065,-80.323271
MLS Listing,,Single Family Residential,135 NW 68th St,Miami,FL,33150,598000,2,1.0,PETERS ADDN TO PRAMAR SUB,998,4050,1927,2,599,,Active,,,https://www.redfin.com/FL/Miami/135-NW-68th-St-33150/home/42687691,MARMLS,A11623241,N,Y,25.8372416,-80.1990112
MLS Listing,,Condo/Co-op,2030 S Douglas Rd #807,Coral Gables,FL,33134,635000,2,2.0,THE MINORCA CONDO,1114,,2005,2,570,845,Active,,,https://www.redfin.com/FL/Coral-Gables/2030-S-Douglas-Rd-33134/unit-807/home/43346956,MARMLS,A11625074,N,Y,25.7534057,-80.2549546
MLS Listing,,Single Family Residential,7370 SW 33rd St,Miami,FL,33155,649000,4,2.0,CENTRAL MIAMI PART 6,1619,6667,1954,2,401,,Active,,,https://www.redfin.com/FL/Miami/7370-SW-33rd-St-33155/home/43069063,MARMLS,A11625078,N,Y,25.7392292,-80.315291
MLS Listing,,Single Family Residential,3501 SW 1st Ave,Miami,FL,33145,1350000,5,4.0,EAST SHENANDOAH,2498,7500,1940,2,540,,Active,,,https://www.redfin.com/FL/Miami/3501-SW-1st-Ave-33145/home/184335807,MARMLS,A11625059,N,Y,25.7486556,-80.2153707
MLS Listing,,Single Family Residential,6734 NW 5th Ave,Miami,FL,33150,798000,4,3.0,7TH AVENUE HIGHLANDS,,10800,1941,2,,,Active,,,https://www.redfin.com/FL/Miami/6734-NW-5th-Ave-33150/home/42690590,MARMLS,A11625067,N,Y,25.8366949,-80.2048914
MLS Listing,,Condo/Co-op,151 SE 1st St #2811,Miami,FL,33131,590000,2,2.0,CENTRO CONDO,791,,2016,2,746,820,Active,,,https://www.redfin.com/FL/Miami/151-SE-1st-St-33131/unit-2811/home/56742404,MARMLS,A11623925,N,Y,25.7735456,-80.1906772
MLS Listing,,Condo/Co-op,7751 NW 107th Ave #522,Doral,FL,33178,390000,1,2.0,GRAND BAY COMMONS SOUTH,989,,2016,2,394,656,Active,,,https://www.redfin.com/FL/Doral/7751-NW-107th-Ave-33178/unit-522/home/118785804,MARMLS,A11625060,N,Y,25.7713916,-80.3747817
MLS Listing,,Single Family Residential,6395 Chapman Field Dr,Pinecrest,FL,33156,2850000,4,3.0,CLIFTON ESTS,2644,31363,1960,2,1078,,Active,July-21-2024 12:00 PM,July-21-2024 02:00 PM,https://www.redfin.com/FL/Pinecrest/6395-Chapman-Field-Dr-33156/home/42916254,MARMLS,A11624276,N,Y,25.6534651,-80.297501
MLS Listing,,Townhouse,471 NW 82nd Ave #706,Miami,FL,33126,370000,3,2.5,CHATEAUBLEAU VILLAS AT MI,1550,,1996,2,239,311,Active,July-19-2024 01:00 PM,July-19-2024 03:00 PM,https://www.redfin.com/FL/Miami/471-NW-82nd-Ave-33126/unit-706/home/43048600,MARMLS,A11625023,N,Y,25.7749907,-80.3282933
MLS Listing,,Single Family Residential,7501 SW 84th Ct,Miami,FL,33143,1875000,5,4.5,MAYFIELD MNR,3269,18130,1962,2,574,,Active,,,https://www.redfin.com/FL/Miami/7501-SW-84th-Ct-33143/home/43090231,MARMLS,A11624749,N,Y,25.6997571,-80.3301416
MLS Listing,,Condo/Co-op,2400 SW 3rd Ave #506,Miami,FL,33129,330000,1,1.0,CORAL PALMS CONDO,715,,1996,2,462,385,Active,,,https://www.redfin.com/FL/Miami/2400-SW-3rd-Ave-33129/unit-506/home/43304145,MARMLS,A11624971,N,Y,25.75668,-80.2070015
MLS Listing,,Single Family Residential,1070 NE 174th St,Miami,FL,33162,729000,3,2.0,DORVIN ESTATES,1207,8500,1954,2,604,,Active,,,https://www.redfin.com/FL/Miami/1070-NE-174th-St-33162/home/43012023,MARMLS,A11624985,N,Y,25.9354005,-80.1786511
MLS Listing,,Single Family Residential,2350 NE 193rd St,Miami,FL,33180,2567400,4,4.0,ENCHANTED LAKE SEC 4,2185,7500,1962,2,1175,,Active,,,https://www.redfin.com/FL/Miami/2350-NE-193rd-St-33180/home/43005734,MARMLS,A11624204,N,Y,25.9534724,-80.1537032
MLS Listing,,Condo/Co-op,227 NE 2nd St #1609,Miami,FL,33132,469000,1,1.0,MAP OF MIAMI DADE CO. FL.,549,,2022,2,854,1736,Active,,,https://www.redfin.com/FL/Miami/227-NE-2nd-St-33132/unit-1609/home/184157814,MARMLS,A11624872,N,Y,25.7765046,-80.189686
MLS Listing,,Multi-Family (2-4 Unit),3060 SW 27th Ln,Miami,FL,33133,1100000,8,16.0,COM SILVER BLUFF,1920,,1954,2,573,,Active,,,https://www.redfin.com/FL/Miami/3060-SW-27th-Ln-33133/home/42756770,MARMLS,A11624967,N,Y,25.7395339,-80.2431398
MLS Listing,,Mobile/Manufactured Home,11278 NW 6 Ter,Miami,FL,33172,160000,3,2.0,LIL ABNER MOBILE HOME PARK,,,1997,2,,980,Active,,,https://www.redfin.com/FL/Miami/11278-NW-6th-Ter-33172/home/177568888,MARMLS,A11624217,N,Y,25.7748547,-80.380414
MLS Listing,,Single Family Residential,7310 SW 104th St,Pinecrest,FL,33156,6999999,8,8.5,FLAGLER GROVE ESTATES SEC,8204,28314,2023,2,853,,Active,,,https://www.redfin.com/FL/Pinecrest/7310-SW-104th-St-33156/home/42913438,MARMLS,A11624522,N,Y,25.6735197,-80.3130489
MLS Listing,,Multi-Family (2-4 Unit),3070 SW 27th Ln,Miami,FL,33133,1100000,10,20.0,COM SILVER BLUFF,1920,,1954,2,573,,Active,,,https://www.redfin.com/FL/Miami/3070-SW-27th-Ln-33133/home/42756766,MARMLS,A11624948,N,Y,25.7395139,-80.2432693
MLS Listing,,Single Family Residential,13650 SW 200th St,Miami,FL,33177,1400000,3,2.0,N/A,2564,43996,1964,2,546,,Active,,,https://www.redfin.com/FL/Miami/13650-SW-200th-St-33177/home/43228858,MARMLS,A11624682,N,Y,25.5804123,-80.4124337
MLS Listing,,Single Family Residential,1384 NW 55th Ter,Miami,FL,33142,297000,3,1.5,ORCHARD VILLA,1102,5250,1960,2,270,,Pre On-Market,,,https://www.redfin.com/FL/Miami/1384-NW-55th-Ter-33142/home/42685165,MARMLS,A11617044,N,Y,25.8258833,-80.2201561
MLS Listing,,Condo/Co-op,300 S Biscayne Blvd Ph - 3902,Miami,FL,33131,1595000,3,3.5,MET 1 CONDO,1955,,2008,2,816,1700,Active,,,https://www.redfin.com/FL/Miami/300-S-Biscayne-Blvd-33131/unit-3902/home/43395296,MARMLS,A11624933,N,Y,25.7714365,-80.1877704
MLS Listing,,Condo/Co-op,498 NW 165th St Rd Unit D-501,Miami,FL,33169,140000,2,2.0,MONTECARLO CONDO,1036,,1972,2,135,1560,Active,,,https://www.redfin.com/FL/Miami/498-NW-165th-Street-Rd-33169/unit-D501/home/43400541,MARMLS,A11624929,N,Y,25.9233203,-80.2072149
MLS Listing,,Vacant Land,1110 NE 84th St,Miami,FL,33138,5250000,,,ADEMAR PARK AMD PL,,12842,,2,,,Active,,,https://www.redfin.com/FL/Miami/1110-NE-84th-St-33138/home/42723592,MARMLS,A11621691,N,Y,25.8529119,-80.174145
MLS Listing,,Condo/Co-op,4250 Biscayne Blvd #1018,Miami,FL,33137,575000,2,2.0,4250 BISCAYNE BOULEVARD,951,,2015,2,605,1468,Active,,,https://www.redfin.com/FL/Miami/4250-Biscayne-Blvd-33137/unit-1018/home/91495305,MARMLS,A11624848,N,Y,25.8156264,-80.1891629
MLS Listing,,Condo/Co-op,11557 SW 64th St Unit C,Miami,FL,33173,458900,3,2.0,SNAPPER VILLAGE,1550,,1976,2,296,680,Active,July-21-2024 02:00 PM,July-21-2024 05:00 PM,https://www.redfin.com/FL/Miami/11557-SW-64th-St-33173/unit-C/home/43442211,MARMLS,A11623386,N,Y,25.7084719,-80.3803026
MLS Listing,,Condo/Co-op,3900 Biscayne Blvd Unit N-907,Miami,FL,33137,799900,2,2.0,QUADRO CONDO,1021,,2019,2,783,1300,Active,,,https://www.redfin.com/FL/Miami/3900-Biscayne-Blvd-33137/unit-N907/home/171961235,MARMLS,A11622034,N,Y,25.81385,-80.1895382
MLS Listing,,Condo/Co-op,10233 NW 9th St Cir Unit 208-1,Miami,FL,33172,315000,2,2.0,WEST FONTAINE CONDO,1000,,1988,2,315,389,Active,,,https://www.redfin.com/FL/Miami/10233-NW-9th-Street-Cir-33172/unit-208-1/home/43019162,MARMLS,A11624884,N,Y,25.778647,-80.362828
MLS Listing,,Single Family Residential,3225 SW 58th Ave,Miami,FL,33155,1500000,4,2.5,SCHENLEY PARK,3004,9200,1951,2,499,,Active,,,https://www.redfin.com/FL/Miami/3225-SW-58th-Ave-33155/home/43066155,MARMLS,A11611786,N,Y,25.7406292,-80.2886565
MLS Listing,,Condo/Co-op,2101 Brickell Ave #1809,Miami,FL,33129,559000,1,1.0,SKYLINE ON BRICKELL CONDO,791,,2004,2,707,1001,Active,,,https://www.redfin.com/FL/Miami/2101-Brickell-Ave-33129/unit-1809/home/43318744,MARMLS,A11623692,N,Y,25.752407,-80.198873
MLS Listing,,Single Family Residential,3983 SW 2nd St,Miami,FL,33134,760000,3,2.0,SICKLES GROVE,1522,3910,1975,2,499,,Active,,,https://www.redfin.com/FL/Coral-Gables/3983-SW-2nd-St-33134/home/42733611,MARMLS,A11623578,N,Y,25.7705747,-80.2612809
MLS Listing,,Condo/Co-op,950 NE 199th St Unit 2A,Miami,FL,33179,175000,2,2.0,LAKE PARK CONDO NO 1 - BL,1192,,1969,2,147,504,Active,,,https://www.redfin.com/FL/Miami/950-NE-199th-St-33179/unit-2A/home/43003709,MARMLS,A11624804,N,Y,25.9584484,-80.1830911
MLS Listing,,Single Family Residential,14049 SW 103rd Ter,Miami,FL,33186,720000,3,3.0,ROYAL GLEN,1645,6836,1985,2,438,65,Active,,,https://www.redfin.com/FL/Miami/14049-SW-103rd-Ter-33186/home/43181025,MARMLS,A11623038,N,Y,25.6715689,-80.4226799
MLS Listing,,Condo/Co-op,1155 Brickell Bay Dr #1401,Miami,FL,33131,795000,2,2.0,THE MARK ON BRICKELL COND,1200,,2001,2,663,675,Active,,,https://www.redfin.com/FL/Miami/1155-Brickell-Bay-Dr-33131/unit-1401/home/43267109,MARMLS,A11624797,N,Y,25.7621838,-80.1889886
MLS Listing,,Single Family Residential,17631 SW 108th Ct,Miami,FL,33157,599900,3,2.0,Green Hills,1650,9350,1966,2,364,,Active,,,https://www.redfin.com/FL/Miami/17631-SW-108th-Ct-33157/home/43173573,Beaches MLS,F10451330,N,Y,25.6049048,-80.3675855
MLS Listing,,Condo/Co-op,13700 SW 62nd St #101,Miami,FL,33183,299900,3,2.0,KENDALL HEIGHTS CONDO,1262,,1973,2,238,460,Active,,,https://www.redfin.com/FL/Miami/13700-SW-62nd-St-33183/unit-101/home/43129398,MARMLS,A11617718,N,Y,25.7083083,-80.4155461
MLS Listing,,Condo/Co-op,601 NE 27th St #901,Miami,FL,33137,740000,2,2.0,THE CRIMSON CONDO,1170,,2016,2,632,1134,Active,,,https://www.redfin.com/FL/Miami/601-NE-27th-St-33137/unit-901/home/108008254,MARMLS,A11624279,N,Y,25.8031474,-80.1865911
MLS Listing,,Condo/Co-op,8401 SW 107th Ave Unit 117E,Miami,FL,,305000,2,2.0,KENDALL ACRES WEST CONDO,1235,,1974,2,247,534,Active,,,https://www.redfin.com/FL/Miami/8401-SW-107th-Ave-33173/unit-117E/home/43101188,MARMLS,A11624734,N,Y,25.689746,-80.36384
MLS Listing,,Single Family Residential,10420 SW 149th Ter,Miami,FL,33176,579900,4,2.0,RICHMOND HGTS ESTS 3RD AD,1679,7500,1959,2,345,,Active,,,https://www.redfin.com/FL/Miami/10420-SW-149th-Ter-33176/home/43167298,MARMLS,A11624714,N,Y,25.6301637,-80.3631354
MLS Listing,,Single Family Residential,3301 SW 82nd Ave,Miami,FL,33155,725000,3,3.0,REV PL OF 3RD ADDN TO BAK,1209,10650,1957,2,600,,Active,,,https://www.redfin.com/FL/Miami/3301-SW-82nd-Ave-33155/home/43075079,MARMLS,A11624695,N,Y,25.7396049,-80.3272947
MLS Listing,,Condo/Co-op,2655 S Bayshore #1006,Coconut Grove,FL,33133,2597000,2,2.5,Mr C RESIDENCES,988,,2024,2,2629,5196,Active,,,https://www.redfin.com/FL/Miami/2655-S-Bayshore-Dr-33133/unit-1006/home/191601177,MARMLS,A11623740,N,Y,25.7311964,-80.2362702
MLS Listing,,Condo/Co-op,133 NE 2nd Ave #907,Miami,FL,33132,344000,1,1.0,TEH LOFT DOWNTOWN II COND,639,,2007,2,538,532,Active,,,https://www.redfin.com/FL/Miami/133-NE-2nd-Ave-33132/unit-907/home/43381697,MARMLS,A11624623,N,Y,25.7759537,-80.1901927
MLS Listing,,Townhouse,13274 SW 112th Ter,Miami,FL,33186,429500,2,2.5,HOST CROSSINGS,1253,,1987,2,343,485,Active,,,https://www.redfin.com/FL/Miami/13274-SW-112th-Ter-33186/home/43192984,MARMLS,A11619198,N,Y,25.6621555,-80.4082335
MLS Listing,,Condo/Co-op,14115 SW 66th St Unit I7,Miami,FL,33183,360000,2,2.0,LAKE VILLAGE CONDO,1353,,1973,2,266,610,Active,,,https://www.redfin.com/FL/Miami/14115-SW-66th-St-33183/unit-I7/home/43123010,MARMLS,A11623940,N,Y,25.7058773,-80.4225288
MLS Listing,,Single Family Residential,5440 SW 115th Ave,Miami,FL,33165,900000,4,2.0,WESTWOOD LAKE 4TH ADDN,1098,9000,1957,2,820,,Active,,,https://www.redfin.com/FL/Miami/5440-SW-115th-Ave-33165/home/43078370,MARMLS,A11621845,N,Y,25.7159687,-80.3811946
MLS Listing,,Condo/Co-op,2525 SW 3rd Ave #1709,Miami,FL,33129,649500,2,2.0,NORDICA CONDO,1041,,2007,2,624,2400,Active,,,https://www.redfin.com/FL/Miami/2525-SW-3rd-Ave-33129/unit-1709/home/43384411,MARMLS,A11624498,N,Y,25.7554352,-80.2075256
MLS Listing,,Condo/Co-op,1200 Brickell Bay Dr #4209,Miami,FL,33131,845000,2,2.0,THE CLUB AT BRICKELL BAY,1183,,2005,2,714,1013,Active,,,https://www.redfin.com/FL/Miami/1200-Brickell-Bay-Dr-33131/unit-4209/home/43320832,MARMLS,A11624452,N,Y,25.7617694,-80.1899214
MLS Listing,,Condo/Co-op,6580 W Flagler St #309,Miami,FL,33144,257000,1,1.5,ROYAL FLAGLER CONDO,742,,1972,2,346,248,Active,,,https://www.redfin.com/FL/Miami/6580-W-Flagler-St-33144/unit-309/home/43408676,MARMLS,A11624435,N,Y,25.7702733,-80.3029367
MLS Listing,,Single Family Residential,3700 Loquat Ave,Coconut Grove,FL,33133,2099000,4,2.0,DOUGLAS CIRCLE,1464,9009,1955,2,1434,,Active,,,https://www.redfin.com/FL/Miami/3700-Loquat-Ave-33133/home/42755706,MARMLS,A11618537,N,Y,25.7232283,-80.2535421
MLS Listing,,Multi-Family (2-4 Unit),3721 SW 27th Ter,Miami,FL,33134,1450000,6,3.0,GABLES MANOR SUB,1492,,1947,2,972,,Active,,,https://www.redfin.com/FL/Miami/3721-SW-27th-Ter-33134/home/42757617,MARMLS,A11624565,N,Y,25.7407867,-80.2549067
MLS Listing,,Townhouse,,Miami,FL,33194,549000,3,2.5,,1812,,2004,2,303,165,Active,,,https://www.redfin.com/FL/Miami/Undisclosed-address-33194/home/131093789,MARMLS,A11624206,N,Y,25.7585385,-80.4377392
MLS Listing,,Condo/Co-op,495 Brickell Ave #2609,Miami,FL,33131,665000,1,1.0,ICON BRICKELL NO TWO,1035,,2009,2,643,1100,Active,,,https://www.redfin.com/FL/Miami/495-Brickell-Ave-33131/unit-2609/home/43400664,MARMLS,A11620452,N,Y,25.7683524,-80.1886719
MLS Listing,,Condo/Co-op,11111 Biscayne Blvd Unit 21C,Miami,FL,33181,385000,2,2.0,JOCKEY CLUB CONDO,1358,,1968,2,284,1500,Active,,,https://www.redfin.com/FL/Miami/11111-Biscayne-Blvd-33181/unit-21C/home/43012520,MARMLS,A11622697,N,Y,25.8792526,-80.1650069
MLS Listing,,Single Family Residential,1800 N Bayshore Dr,Miami,FL,33132,840000,2,2.0,1800 CLUB CONDO,1142,,2007,2,736,750,Active,,,https://www.redfin.com/FL/Miami/1800-N-Bayshore-Dr-33132/home/181131258,MARMLS,A11612935,N,Y,25.7942497,-80.1871148
MLS Listing,,Single Family Residential,15559 SW 69th Ter,Miami,FL,33193,1099000,4,2.0,WESTWIND LAKES SEC 3,2364,16341,1985,2,465,,Active,July-21-2024 12:00 PM,July-21-2024 03:00 PM,https://www.redfin.com/FL/Miami/15559-SW-69th-Ter-33193/home/43134269,MARMLS,A11624526,N,Y,25.7016331,-80.4461334
MLS Listing,,Vacant Land,3055 NW 5th Ave,Miami,FL,33127,2500000,,,NORTHERN BLVD TRACK,,9576,,2,,,Active,,,https://www.redfin.com/FL/Miami/3055-NW-5th-Ave-33127/home/42695097,MARMLS,A11624518,N,Y,25.8054253,-80.2030015
MLS Listing,,Condo/Co-op,951 Brickell Ave #1110,Miami,FL,33131,880000,2,2.5,THE PLAZA 901 BRICKELL CO,1289,,2008,2,683,1361,Active,,,https://www.redfin.com/FL/Miami/951-Brickell-Ave-33131/unit-1110/home/43406296,MARMLS,A11624515,N,Y,25.7644302,-80.1907808
MLS Listing,,Condo/Co-op,1750 N Bayshore Dr #4702,Miami,FL,33132,695000,2,2.0,OPERA TOWER CONDO,1048,,2008,2,663,1170,Active,,,https://www.redfin.com/FL/Miami/1750-N-Bayshore-Dr-33132/unit-4702/home/43388594,MARMLS,A11624508,N,Y,25.7925085,-80.1871286
MLS Listing,,Condo/Co-op,4520 SW 68th Ct Cir Unit 24-5,Miami,FL,33155,437000,2,1.5,GABLES POINT CONDO I,1000,,1985,2,437,390,Active,,,https://www.redfin.com/FL/Miami/4520-SW-68th-Court-Cir-33155/unit-24-5/home/43083549,MARMLS,A11623649,N,Y,25.72941,-80.304493
MLS Listing,,Single Family Residential,5942 SW 135th Ter,Pinecrest,FL,33156,2900000,4,4.5,1ST ADDN TO OLD CUTLER WO,3287,21782,1986,2,882,,Active,,,https://www.redfin.com/FL/Pinecrest/5942-SW-135th-Ter-33156/home/42916599,MARMLS,A11624078,N,Y,25.6457859,-80.2886164
MLS Listing,,Condo/Co-op,8540 SW 133rd Ave Rd #414,Miami,FL,33183,325000,3,2.0,HORIZONS WEST CONDO #6,1040,,1982,2,313,455,Active,,,https://www.redfin.com/FL/Miami/8540-SW-133rd-Avenue-Rd-33183/unit-414/home/43139158,MARMLS,A11624328,N,Y,25.6871711,-80.4124192
MLS Listing,,Condo/Co-op,650 NE 32nd St #3406,Miami,FL,33137,990000,2,2.0,PARAISO BAY CONDO,1067,,2018,2,928,1200,Active,,,https://www.redfin.com/FL/Miami/650-NE-32nd-St-33137/unit-3406/home/56745625,MARMLS,A11616681,N,Y,25.806902,-80.1862491
MLS Listing,,Condo/Co-op,1800 N Bayshore Dr #3905,Miami,FL,33132,975000,2,2.0,1800 CLUB CONDO,1222,,2007,2,798,586,Active,,,https://www.redfin.com/FL/Miami/1800-N-Bayshore-Dr-33132/unit-3905/home/43389692,MARMLS,A11624070,N,Y,25.7939098,-80.1866113
MLS Listing,,Single Family Residential,885 NW 135th Ct,Miami,FL,33182,679000,3,2.0,SUPERIOR HOMES ESTATES 1S,1633,5247,1996,2,416,,Active,,,https://www.redfin.com/FL/Miami/885-NW-135th-Ct-33182/home/43038668,MARMLS,A11623392,N,Y,25.777658,-80.4138167
MLS Listing,,Condo/Co-op,485 Brickell Ave #1908,Miami,FL,33131,1139900,2,2.0,ICON BRICKELL CONDO NO 3,1459,,2009,2,781,2146,Active,,,https://www.redfin.com/FL/Miami/485-Brickell-Ave-33131/unit-1908/home/43415897,MARMLS,A11623648,N,Y,25.7686625,-80.188727
MLS Listing,,Mobile/Manufactured Home,11224 NW 6th St,Miami,FL,33172,115000,3,3.0,SWEETWATER GROVES .14 AC,,197109,1984,2,,980,Active,,,https://www.redfin.com/FL/Miami/11224-NW-6th-St-33172/home/191596749,MARMLS,A11624056,N,Y,25.7743795,-80.3784193
MLS Listing,,Single Family Residential,6505 SW 92nd St,Pinecrest,FL,33156,5350000,5,4.5,UNPLATTED,5667,50529,1948,2,944,,Active,July-20-2024 01:00 PM,July-20-2024 04:00 PM,https://www.redfin.com/FL/Pinecrest/6505-SW-92nd-St-33156/home/42905553,MARMLS,A11623299,N,Y,25.6858292,-80.3017668
MLS Listing,,Multi-Family (2-4 Unit),8062 Grand Canal Dr,Miami,FL,33144,1250000,,,FLAGAMI 3RD ADDN,3069,,1956,2,407,,Active,,,https://www.redfin.com/FL/Miami/8062-Grand-Canal-Dr-33144/home/43047537,MARMLS,A11623789,N,Y,25.7629055,-80.3272236
MLS Listing,,Single Family Residential,14430 Fillmore St,Miami,FL,33176,375000,3,2.0,RICHMOND HEIGHTS,1640,7400,1950,2,229,,Active,,,https://www.redfin.com/FL/Miami/14430-Fillmore-St-33176/home/43159726,MARMLS,A11624365,N,Y,25.6343832,-80.3717153
MLS Listing,,Condo/Co-op,800 NE 195th St #605,Miami,FL,33179,290000,2,2.0,Canongate,1470,,1969,2,197,797,Active,,,https://www.redfin.com/FL/Miami/800-NE-195th-St-33179/unit-605/home/43003137,Beaches MLS,F10451264,N,Y,25.9539587,-80.1843522
MLS Listing,,Condo/Co-op,888 Biscayne Blvd #509,Miami,FL,33132,675000,1,2.0,MARINABLUE CONDO,1220,,2008,2,553,1116,Active,,,https://www.redfin.com/FL/Miami/888-Biscayne-Blvd-33132/unit-509/home/43406884,MARMLS,A11620311,N,Y,25.7821519,-80.1901732
MLS Listing,,Condo/Co-op,888 Biscayne Blvd #309,Miami,FL,33132,675000,1,2.0,MARINABLUE CONDO,1220,,2008,2,553,1116,Active,,,https://www.redfin.com/FL/Miami/888-Biscayne-Blvd-33132/unit-309/home/43406886,MARMLS,A11620309,N,Y,25.7821519,-80.1901732
MLS Listing,,Condo/Co-op,888 Biscayne Blvd #909,Miami,FL,33132,700000,1,2.0,MARINABLUE CONDO,1220,,2008,2,574,1203,Active,,,https://www.redfin.com/FL/Miami/888-Biscayne-Blvd-33132/unit-909/home/43406881,MARMLS,A11620312,N,Y,25.7821519,-80.1901732
MLS Listing,,Condo/Co-op,888 Biscayne Blvd #1805,Miami,FL,33132,830000,2,2.0,MARINABLUE CONDO,1322,,2008,2,628,1203,Active,,,https://www.redfin.com/FL/Miami/888-Biscayne-Blvd-33132/unit-1805/home/43406828,MARMLS,A11620313,N,Y,25.7821519,-80.1901732
MLS Listing,,Condo/Co-op,888 Biscayne Blvd #4001,Miami,FL,33132,915000,2,2.0,MARINABLUE CONDO,1315,,2008,2,696,1214,Active,,,https://www.redfin.com/FL/Miami/888-Biscayne-Blvd-33132/unit-4001/home/43392519,MARMLS,A11620315,N,Y,25.7821519,-80.1901732
MLS Listing,,Condo/Co-op,888 Biscayne Blvd #2701,Miami,FL,33132,885000,2,2.0,MARINABLUE CONDO,1315,,2008,2,673,1209,Active,,,https://www.redfin.com/FL/Miami/888-Biscayne-Blvd-33132/unit-2701/home/43392521,MARMLS,A11620316,N,Y,25.7821519,-80.1901732
MLS Listing,,Condo/Co-op,888 Biscayne Blvd #612,Miami,FL,33132,750000,2,2.0,MARINABLUE CONDO,1327,,2008,2,565,1116,Active,,,https://www.redfin.com/FL/Miami/888-Biscayne-Blvd-33132/unit-612/home/43411748,MARMLS,A11620314,N,Y,25.7821519,-80.1901732
MLS Listing,,Condo/Co-op,1780 NE 191st Unit 204-2,Miami,FL,33179,145500,2,1.5,JADE WINDS GROUP -,1036,,1969,2,140,620,Active,,,https://www.redfin.com/FL/Miami/1780-NE-191st-St-33179/unit-204-2/home/43010131,MARMLS,A11613125,N,Y,25.9499226,-80.1661333
MLS Listing,,Single Family Residential,820 SW 26th Rd,Miami,FL,33129,1099000,3,2.0,BRICKELL ESTATES,1834,10575,1940,2,599,,Active,July-20-2024 01:00 PM,July-20-2024 03:00 PM,https://www.redfin.com/FL/Miami/820-SW-26th-Rd-33129/home/42759911,MARMLS,A11624371,N,Y,25.7597357,-80.2121516
MLS Listing,,Single Family Residential,6338 SW 41st St,South Miami,FL,33155,949999,3,2.0,BIRD ROAD ESTATES,1350,5100,1967,3,704,,Active,July-20-2024 10:30 AM,July-20-2024 02:30 PM,https://www.redfin.com/FL/Miami/6338-SW-41st-St-33155/home/42890796,MARMLS,A11617281,N,Y,25.7326774,-80.2975201
MLS Listing,,Condo/Co-op,20811 San Simeon Way #204,Miami,FL,33179,300000,2,2.0,FAIRVIEW OF CALIFORNIA CLU,1283,,1982,3,234,470,Active,,,https://www.redfin.com/FL/Miami/20811-San-Simeon-Way-33179/unit-204/home/43425455,MARMLS,A11614550,N,Y,25.9679711,-80.1915062
MLS Listing,,Single Family Residential,,Miami,FL,33173,610000,3,2.0,,1391,4218,1988,3,439,100,Active,,,https://www.redfin.com/FL/Miami/Undisclosed-address-33173/home/43095104,Beaches MLS,F10451253,N,Y,25.6991926,-80.3715879
MLS Listing,,Condo/Co-op,9709 SW 138th Ave #9709,Miami,FL,33186,350000,2,2.0,ESPRIT CONDO II,1030,,1994,3,340,408,Active,,,https://www.redfin.com/FL/Miami/9709-SW-138th-Ave-33186/unit-9709/home/43175705,MARMLS,A11624355,N,Y,25.6765304,-80.4178691
MLS Listing,,Single Family Residential,4366 SW 6th St,Miami,FL,33134,399900,3,2.0,ROOSEVELT HEIGHTS,1316,6060,1940,3,304,,Active,,,https://www.redfin.com/FL/Coral-Gables/4366-SW-6th-St-33134/home/42740310,MARMLS,A11623277,N,Y,25.7655698,-80.2666951
MLS Listing,,Condo/Co-op,1750 N Bayshore Dr #1204,Miami,FL,33132,315000,0,1.0,OPERA TOWER CONDO,401,,2007,3,786,464,Active,,,https://www.redfin.com/FL/Miami/1750-N-Bayshore-Dr-33132/unit-1204/home/43384145,MARMLS,A11624236,N,Y,25.7925085,-80.1871286
MLS Listing,,Condo/Co-op,920 NE 199th St Unit 1N,Miami,FL,33179,160000,2,2.0,LAKE PARK CONDO NO 1 - BL,1192,,1969,3,134,397,Active,,,https://www.redfin.com/FL/Miami/920-NE-199th-St-33179/unit-1N/home/43013271,MARMLS,A11599600,N,Y,25.9585544,-80.1841299
MLS Listing,,Single Family Residential,19001 SW 127th Ct,Miami,FL,33177,1100000,5,4.5,SUB OF TROPICO,3245,21780,2007,3,339,,Active,,,https://www.redfin.com/FL/Miami/19001-SW-127th-Ct-33177/home/43372576,MARMLS,A11624354,N,Y,25.5905872,-80.3978244
MLS Listing,,Single Family Residential,13354 SW 42nd Ter,Miami,FL,33175,899000,3,3.0,SAN SEBASTIAN UNIT NO 5,2011,12075,1980,3,447,,Active,July-20-2024 11:00 AM,July-20-2024 02:00 PM,https://www.redfin.com/FL/Miami/13354-SW-42nd-Ter-33175/home/43124982,MARMLS,A11624351,N,Y,25.7283472,-80.411712
MLS Listing,,Townhouse,,Miami,FL,33155,549990,3,2.5,,1229,,1980,3,448,323,Active,,,https://www.redfin.com/FL/Miami/Undisclosed-address-33155/home/43066843,MARMLS,A11624350,N,Y,25.7342445,-80.3271397
MLS Listing,,Townhouse,15570 SW 76th Ln Unit B94,Miami,FL,33193,420000,2,2.0,KENDALAIRE VILLAS CONDO,1130,,1984,3,372,350,Active,July-20-2024 12:00 PM,July-20-2024 04:00 PM,https://www.redfin.com/FL/Miami/15570-SW-76th-Ln-33193/unit-B94/home/43132894,MARMLS,A11623711,N,Y,25.694755,-80.445628
MLS Listing,,Single Family Residential,7245 SW 19th Ter,Miami,FL,33155,595000,3,1.0,HARWOOD VILLAGE,1202,7500,1950,3,495,,Active,,,https://www.redfin.com/FL/Miami/7245-SW-19th-Ter-33155/home/43063758,MARMLS,A11624320,N,Y,25.7523604,-80.3125555
MLS Listing,,Single Family Residential,1910 SW 33rd Ave,Miami,FL,33145,699900,2,1.0,CORAL GATE SEC B,1039,6600,1949,3,674,,Active,,,https://www.redfin.com/FL/Miami/1910-SW-33rd-Ave-33145/home/42743922,MARMLS,A11623349,N,Y,25.7536593,-80.2489576
MLS Listing,,Single Family Residential,18000 SW 110th Ave,Miami,FL,33157,829900,4,3.0,GLENDOLYN SUBDIVISION,1763,7287,2019,3,471,,Active,,,https://www.redfin.com/FL/Miami/18000-SW-110th-Ave-33157/home/45425843,MARMLS,A11624049,N,Y,25.60157,-80.37106
MLS Listing,,Condo/Co-op,7420 SW 82nd St Unit D212,Miami,FL,33143,209900,1,1.0,VILLAGE AT DADELAND CONDO,635,,1968,3,331,470,Active,,,https://www.redfin.com/FL/Miami/7420-SW-82nd-St-33143/unit-D212/home/43321441,MARMLS,A11624283,N,Y,25.6934577,-80.3127147
MLS Listing,,Condo/Co-op,10826 N Kendall Dr Unit T13,Miami,FL,33176,239900,1,1.0,SPANISH TRACE CONDO,709,,1968,3,338,746,Active,,,https://www.redfin.com/FL/Miami/10826-SW-88th-St-33176/unit-T13/home/43151928,MARMLS,A11623689,N,Y,25.6852539,-80.3675678
MLS Listing,,Multi-Family (2-4 Unit),3057 Day Ave,Miami,FL,33133,2500000,6,4.0,ORANGE POUNDS SUB PENT HO,2796,,1971,3,894,,Active,,,https://www.redfin.com/FL/Miami/3057-Day-Ave-33133/home/42756275,MARMLS,A11624266,N,Y,25.732017,-80.2427601
MLS Listing,,Condo/Co-op,7411 SW 152nd Ave Unit 6-201,Miami,FL,33193,295000,3,2.0,MAGNOLIA LANE CONDO,994,,1986,3,297,390,Active,,,https://www.redfin.com/FL/Miami/7411-SW-152nd-Ave-33193/unit-6-201/home/43356849,MARMLS,A11624257,N,Y,25.6975585,-80.4364334
MLS Listing,,Single Family Residential,1944 NW 83rd Ter,Miami,FL,33147,450000,3,2.0,PL OF NORTH HAVEN,1226,5162,1958,3,367,,Active,July-20-2024 12:00 PM,July-20-2024 02:00 PM,https://www.redfin.com/FL/Miami/1944-NW-83rd-Ter-33147/home/43034217,MARMLS,A11623735,N,Y,25.8505134,-80.2305411
MLS Listing,,Condo/Co-op,488 NE 18th #3603,Miami,FL,33132,540000,1,1.5,ARIA ON THE BAY CONDO,759,,2018,3,711,1594,Active,,,https://www.redfin.com/FL/Miami/488-NE-18th-St-33132/unit-3603/home/110130874,MARMLS,A11624220,N,Y,25.7935082,-80.1866881
MLS Listing,,Single Family Residential,4111 SW 112th Ave,Miami,FL,33165,998000,3,1.0,WESTWOOD LAKE 2ND ADDN,1500,7500,1956,3,665,,Active,,,https://www.redfin.com/FL/Miami/4111-SW-112th-Ave-33165/home/43467531,MARMLS,A11619827,N,Y,25.7303981,-80.3753689
MLS Listing,,Condo/Co-op,121 NE 34th St #3012,Miami,FL,33137,575000,1,1.0,3401 MIDTOWN CONDO,737,,2018,3,780,2218,Active,,,https://www.redfin.com/FL/Miami/121-NE-34th-St-33137/unit-3012/home/79134072,MARMLS,A11624037,N,Y,25.8085215,-80.1924866
MLS Listing,,Condo/Co-op,300 S Biscayne Blvd Unit T-2910,Miami,FL,33131,799990,2,2.0,MET 1 CONDO,1091,,2008,3,733,1379,Active,,,https://www.redfin.com/FL/Miami/300-S-Biscayne-Blvd-33131/unit-T2910/home/42676366,MARMLS,A11623625,N,Y,25.7714365,-80.1877704
MLS Listing,,Single Family Residential,11730 NW 3rd Ave,Miami,FL,33168,675000,3,3.0,ALMENDARES,1467,6280,1956,3,460,,Active,,,https://www.redfin.com/FL/Miami/11730-NW-3rd-Ave-33168/home/43005470,MARMLS,A11624110,N,Y,25.8827961,-80.2047034
MLS Listing,,Condo/Co-op,11203 SW 88th St Unit 208A,Miami,FL,33176,350000,2,2.0,PINE GROVE CONDO,986,,1969,3,355,451,Active,,,https://www.redfin.com/FL/Miami/11203-SW-88th-St-33176/unit-208A/home/188069432,MARMLS,A11623647,N,Y,25.6867856,-80.3738738
MLS Listing,,Townhouse,3166 Virginia St #6,Miami,FL,33133,1575000,3,2.5,The Orange Grove Condo,1845,,1992,3,854,504,Active,July-21-2024 02:00 PM,July-21-2024 03:00 PM,https://www.redfin.com/FL/Miami/3166-Virginia-St-33133/unit-6/home/42761459,MARMLS,A11623764,N,Y,25.7323377,-80.2419809
MLS Listing,,Condo/Co-op,227 NE 2nd St #1703,Miami,FL,33132,475000,1,1.0,MAP OF MIAMI DADE CO. FL.,521,,2022,3,912,715,Active,,,https://www.redfin.com/FL/Miami/227-NE-2nd-St-33132/unit-1703/home/179739364,MARMLS,A11620963,N,Y,25.7765046,-80.189686
MLS Listing,,Single Family Residential,13313 SW 210th St,Miami,FL,33177,990000,4,2.0,BONITA GRAND ESTATES SOUT,2184,16080,2013,3,453,,Active,July-28-2024 02:00 PM,July-28-2024 04:00 PM,https://www.redfin.com/FL/Miami/13313-SW-210th-St-33177/home/56741468,MARMLS,A11613752,N,Y,25.572024,-80.4076567
MLS Listing,,Condo/Co-op,14185 SW 87th St Unit A312,Miami,FL,33183,265000,2,2.0,EL CONQUISTADOR SOUTH CON,1178,,1973,3,225,483,Active,,,https://www.redfin.com/FL/Miami/14185-SW-87th-St-33183/unit-312A/home/43135808,MARMLS,A11624104,N,Y,25.6857257,-80.424376
MLS Listing,,Condo/Co-op,1650 Coral Way #807,Miami,FL,33145,550000,2,2.0,MARBELLA CONDO,1030,,2002,3,534,633,Active,,,https://www.redfin.com/FL/Miami/1650-Coral-Way-33145/unit-807/home/43266689,MARMLS,A11621140,N,Y,25.7505884,-80.2211952
MLS Listing,,Single Family Residential,2720 SW 19th St,Miami,FL,33145,1100000,2,2.0,PARKDALE,1166,5500,1936,3,943,,Active,,,https://www.redfin.com/FL/Miami/2720-SW-19th-St-33145/home/43456989,MARMLS,A11623968,N,Y,25.7537103,-80.2389124
MLS Listing,,Condo/Co-op,8215 SW 152nd Ave Unit G-202,Miami,FL,33193,270000,2,1.0,VERABELLA FALLS CONDO,828,,1984,3,326,234,Active,,,https://www.redfin.com/FL/Miami/8215-SW-152nd-Ave-33193/unit-G202/home/43328725,MARMLS,A11623526,N,Y,25.6903685,-80.437949
MLS Listing,,Condo/Co-op,788 NE 23rd St #5502,Miami,FL,33137,5150000,4,4.5,ELYSEE MIAMI,3492,,2021,3,1475,5312,Active,,,https://www.redfin.com/FL/Miami/788-NE-23rd-St-33137/unit-5502/home/174545673,MARMLS,A11623832,N,Y,25.7990651,-80.1855416
MLS Listing,,Single Family Residential,4311 SW 16th St,Miami,FL,33134,1095000,3,2.0,CAMNER GABLES,1304,6120,1940,3,840,,Active,,,https://www.redfin.com/FL/Miami/4311-SW-16th-St-33134/home/43102796,MARMLS,A11617191,N,Y,25.7573112,-80.2654354
MLS Listing,,Condo/Co-op,2669 S Bayshore Dr Unit 1601N,Miami,FL,33133,8400000,4,7.5,DINNER KEY,3365,,2016,3,2496,5366,Active,,,https://www.redfin.com/FL/Miami/2669-S-Bayshore-Dr-33133/unit-1601N/home/109000274,MARMLS,A11614365,N,Y,25.7306755,-80.2371172
MLS Listing,,Single Family Residential,14768 SW 175th St,Miami,FL,33187,770000,3,2.0,LUZ ESTELA SUB,1677,6232,1995,3,459,,Active,,,https://www.redfin.com/FL/Miami/14768-SW-175th-St-33187/home/43206275,MARMLS,A11624021,N,Y,25.6041631,-80.4312422
MLS Listing,,Vacant Land,,Miami,FL,33125,420000,,,,,5641,,3,,,Active,,,https://www.redfin.com/FL/Miami/Undisclosed-address-33125/home/42722971,MARMLS,A11608086,N,Y,25.7817975,-80.2223998
MLS Listing,,Single Family Residential,22450 SW 128 Ave,Goulds,FL,33170,1100000,5,4.5,2100 ESTATES,3598,,2015,3,306,,Active,July-20-2024 12:00 PM,July-20-2024 02:00 PM,https://www.redfin.com/FL/Miami/22450-SW-128th-Ave-33170/home/43376057,MARMLS,A11623958,N,Y,25.5581018,-80.3989826
MLS Listing,,Single Family Residential,2430 SW 82nd Pl,Miami,FL,33155,625000,3,3.0,CORAL WAY VILLAGE SEC A P,1576,10500,1954,3,397,,Active,,,https://www.redfin.com/FL/Miami/2430-SW-82nd-Pl-33155/home/43061091,MARMLS,A11623990,N,Y,25.7467369,-80.3294588
MLS Listing,,Townhouse,6855 SW 45th Ln #7,Miami,FL,33155,479500,2,2.5,GABLES POINT III CONDO,1000,,1986,3,480,518,Active,,,https://www.redfin.com/FL/Miami/6855-SW-45th-Ln-33155/unit-7/home/43087436,MARMLS,A11622974,N,Y,25.7283295,-80.3063189
MLS Listing,,Single Family Residential,15625 Palmetto Lake Dr,Miami,FL,33157,749900,3,2.0,PALMETTO COUNTRY CLUB EST,1839,14300,1964,3,408,,Active,,,https://www.redfin.com/FL/Miami/15625-Palmetto-Lake-Dr-33157/home/43170456,MARMLS,A11621876,N,Y,25.6247263,-80.3514551
MLS Listing,,Condo/Co-op,8267 SW 128th St #104,Pinecrest,FL,33156,350000,2,1.5,SUNRISE POINT CONDO BLDG,792,,1974,3,442,641,Active,,,https://www.redfin.com/FL/Pinecrest/8267-SW-128th-St-33156/unit-104/home/42918373,MARMLS,A11623971,N,Y,25.6526397,-80.3274373
MLS Listing,,Condo/Co-op,200 Biscayne Blvd Way #3602,Miami,FL,33131,1250000,2,2.5,EPIC WEST CONDO,1539,,2008,3,812,2758,Active,,,https://www.redfin.com/FL/Miami/200-Biscayne-Boulevard-Way-33131/unit-3602/home/43413255,MARMLS,A11623141,N,Y,25.7722422,-80.1877381
MLS Listing,,Single Family Residential,140 NE 160th St,Miami,FL,33162,1400000,4,3.5,BISC GARDENS SEC C,2580,71819,1952,3,543,,Active,,,https://www.redfin.com/FL/Miami/140-NE-160th-St-33162/home/42993743,MARMLS,A11620195,N,Y,25.9215193,-80.1970441
MLS Listing,,Condo/Co-op,1000 NE 191st St #21,Miami,FL,33179,275000,2,2.0,RIVIERA CONDOMINIUM APTS,1350,,1966,3,204,375,Active,,,https://www.redfin.com/FL/Miami/1000-NE-191st-St-33179/unit-21/home/43006485,MARMLS,A11623950,N,Y,25.9508617,-80.1796355
MLS Listing,,Condo/Co-op,7934 West Dr #501,North Bay Village,FL,33141,2999999,4,3.5,SPACE 01 CONDO,3721,,2006,3,806,3260,Active,,,https://www.redfin.com/FL/North-Bay-Village/7934-West-Dr-33141/unit-501/home/42702406,MARMLS,A11623928,N,Y,25.8526388,-80.1603842
MLS Listing,,Multi-Family (2-4 Unit),4 NE 47th St,Miami,FL,33137,1200000,4,2.0,SHADOWLAWN,1600,,1955,3,750,,Active,,,https://www.redfin.com/FL/Miami/4-NE-47th-St-33137/home/42691063,MARMLS,A11623827,N,Y,25.8184145,-80.1953868
MLS Listing,,Vacant Land,180 Street SW 190 Ave,Miami,FL,33187,2975000,,,Miami,,217800,,3,,,Active,,,https://www.redfin.com/FL/Miami/180-Street-SW-190-AVE-33187/home/191314824,MARMLS,A11623892,N,Y,25.5994424,-80.4660256
MLS Listing,,Condo/Co-op,13707 Kendale Lakes Cir Ph 2,Miami,FL,33183,256500,1,1.5,RAMBLEWOOD CONDO C,752,,1974,3,341,374,Active,,,https://www.redfin.com/FL/Miami/13707-SW-66th-St-33183/unit-2/home/43129459,MARMLS,A11623886,N,Y,25.7057834,-80.4160708
MLS Listing,,Single Family Residential,13561 SW 111th Ave,Miami,FL,33176,2199500,4,4.0,MARY ANN ESTATES 1ST ADDN,2997,16634,1989,3,734,,Active,,,https://www.redfin.com/FL/Miami/13561-SW-111th-Ave-33176/home/43163577,MARMLS,A11623311,N,Y,25.6432453,-80.3738248
MLS Listing,,Townhouse,9023 SW 113 Pl Crk W,Miami,FL,33176,605000,3,2.5,TOWNHOMES OF LA JOLLA,1890,,1984,3,320,364,Active,,,https://www.redfin.com/FL/Miami/9023-SW-113th-Place-Cir-W-33176/home/43150376,MARMLS,A11622240,N,Y,25.684336,-80.3801397
MLS Listing,,Vacant Land,180 Street SW 192 Ave,Miami,FL,33187,775000,,,Redland Estate,,217800,,3,,,Active,,,https://www.redfin.com/FL/Miami/180-Street-SW-192-AVE-33187/home/191314700,MARMLS,A11623878,N,Y,25.5994424,-80.4660256
MLS Listing,,Single Family Residential,1229 NW 32nd Pl,Miami,FL,33125,699000,4,2.0,HIGHVIEW,1754,7250,1924,3,399,,Active,,,https://www.redfin.com/FL/Miami/1229-NW-32nd-Pl-33125/home/42719427,MARMLS,A11623867,N,Y,25.7843848,-80.2489741
MLS Listing,,Single Family Residential,1540 NW 66th St,Miami,FL,33147,569000,3,2.0,E LIBERTY CITY SEC A,,3400,2024,3,,,Active,,,https://www.redfin.com/FL/Miami/1540-NW-66th-St-33147/home/43383160,MARMLS,A11622658,N,Y,25.834646,-80.22397
MLS Listing,,Condo/Co-op,3131 NE 7th Ave #3205,Miami,FL,33137,1290000,2,2.0,ONE PARAISO CONDO,1088,,2018,3,1186,1506,Active,,,https://www.redfin.com/FL/Miami/3131-NE-7th-Ave-33137/unit-3205/home/79137145,MARMLS,A11620753,N,Y,25.8070469,-80.1855776
MLS Listing,,Single Family Residential,,Miami,FL,33187,1650000,4,4.0,,3891,55321,2007,3,424,,Active,,,https://www.redfin.com/FL/Miami/Undisclosed-address-33187/home/43221060,MARMLS,A11623439,N,Y,25.5698774,-80.5087026
MLS Listing,,Multi-Family (2-4 Unit),2512 NW 68th St,Miami,FL,33147,789500,6,5.0,ELIZABETH PARK,1560,,1959,3,506,,Active,,,https://www.redfin.com/FL/Miami/2512-NW-68th-St-33147/home/43041555,MARMLS,A11623808,N,Y,25.836062,-80.23958
MLS Listing,,Condo/Co-op,16800 NE 15 Ave #106,North Miami Beach,FL,33162,149500,1,1.5,FOUNTAINVIEW CONDO,746,,1965,3,200,486,Active,,,https://www.redfin.com/FL/North-Miami-Beach/16800-NE-15th-Ave-33162/unit-106/home/43008864,MARMLS,A11623767,N,Y,25.9304605,-80.1707347
MLS Listing,,Multi-Family (2-4 Unit),272 NW 58th St,Miami,FL,33127,1140000,,,RAILROAD SHOPS INTER SCHO,1630,,1963,3,699,,Active,,,https://www.redfin.com/FL/Miami/272-NW-58th-St-33127/home/42680763,MARMLS,A11623586,N,Y,25.828546,-80.201584
MLS Listing,,Condo/Co-op,9423 Fontainebleau Blvd #102,Miami,FL,33172,304000,2,2.0,BLEAU FONTAINE CONDO #3,1000,,1987,3,304,296,Active,,,https://www.redfin.com/FL/Miami/9423-Fontainebleau-Blvd-33172/unit-102/home/43050858,MARMLS,A11623459,N,Y,25.778719,-80.3467943
MLS Listing,,Single Family Residential,2811 SW 65th Ave,Miami,FL,33155,850000,2,2.0,CORAL VILLAS REV,1147,7500,1952,3,741,,Active,,,https://www.redfin.com/FL/Miami/2811-SW-65th-Ave-33155/home/43065451,MARMLS,A11622029,N,Y,25.7439845,-80.3011837
MLS Listing,,Single Family Residential,9561 SW 165th St,Miami,FL,33157,709999,4,3.5,PALMETTO COUNTRY CLUB EST,1367,9350,1959,3,519,,Active,July-20-2024 12:00 PM,July-20-2024 03:00 PM,https://www.redfin.com/FL/Miami/9561-SW-165th-St-33157/home/43169319,MARMLS,A11620387,N,Y,25.6171764,-80.3491932
MLS Listing,,Multi-Family (2-4 Unit),1807 NW 33rd St,Miami,FL,33142,795000,8,5.0,HOLLEMAN MANOR ADDN,2329,,1975,3,341,,Active,,,https://www.redfin.com/FL/Miami/1807-NW-33rd-St-33142/home/42695751,MARMLS,A11623732,N,Y,25.8069894,-80.2261406
MLS Listing,,Single Family Residential,13970 SW 20th St,Miami,FL,33175,2325000,6,5.5,J G HEADS FARMS SUB,4885,27443,1999,3,476,,Active,July-20-2024 12:00 PM,July-20-2024 02:00 PM,https://www.redfin.com/FL/Miami/13970-SW-20th-St-33175/home/43097923,MARMLS,A11621275,N,Y,25.7483643,-80.4217501
MLS Listing,,Condo/Co-op,700 NE 26 Th Ter #1501,Miami,FL,33137,3195000,3,4.5,Missoni Baia,2586,,2023,3,1235,3126,Active,,,https://www.redfin.com/FL/Miami/700-NE-26th-Ter-33137/unit-1501/home/188601449,MARMLS,A11622167,N,Y,25.8021976,-80.1857897
MLS Listing,,Condo/Co-op,700 NE 26th Ter #4606,Miami,FL,33137,1400000,2,2.0,Missoni Baia,1134,,2023,3,1235,1835,Active,,,https://www.redfin.com/FL/Miami/700-NE-26th-Ter-33137/unit-4606/home/191583478,MARMLS,A11623334,N,Y,25.8020127,-80.1857755
MLS Listing,,Condo/Co-op,185 SE 14th Ter #1810,Miami,FL,33131,530000,2,2.0,FORTUNE HOUSE CONDO,930,,1998,3,570,1128,Active,,,https://www.redfin.com/FL/Miami/185-SE-14th-Ter-33131/unit-1810/home/42763718,MARMLS,A11623691,N,Y,25.7593856,-80.1909065
MLS Listing,,Condo/Co-op,600 NE 36th St #1707,Miami,FL,33137,390000,1,2.0,CHARTER CLUB CONDO,990,,1973,3,394,860,Active,,,https://www.redfin.com/FL/Miami/600-NE-36th-St-33137/unit-1707/home/42728981,MARMLS,A11623675,N,Y,25.8104937,-80.1864034
MLS Listing,,Condo/Co-op,2333 Brickell Ave #501,Miami,FL,33129,1000000,2,2.0,BRICKELL BAY CLUB CONDO,1460,,1974,3,685,1459,Active,,,https://www.redfin.com/FL/Miami/2333-Brickell-Ave-33129/unit-501/home/42764776,MARMLS,A11622789,N,Y,25.7506906,-80.1996674
MLS Listing,,Single Family Residential,12490 SW 224th St,Miami,FL,33170,475000,3,1.0,Chloes estates,1184,8057,1921,3,401,,Active,,,https://www.redfin.com/FL/Miami/12490-SW-224th-St-33170/home/43428502,MARMLS,A11623700,N,Y,25.5585822,-80.3942527
MLS Listing,,Condo/Co-op,8100 N Dr. Martin Luther King JR N #308,St Petersburg,FL,33702,164500,2,2.0,GATEWAY SQUARE APTS NO. 6 CONDO APT 308,860,106723,1970,3,191,524,Active,,,https://www.redfin.com/FL/St-Petersburg/8100-Doctor-Martin-Luther-King-Junior-St-N-33702/unit-308/home/191583336,Stellar MLS as Distributed by MLS Grid,U8248611,N,Y,25.690922,-80.385856
MLS Listing,,Multi-Family (2-4 Unit),235 NW 39th St,Miami,FL,33127,2199999,18,12.0,BAY VISTA PARK,3028,,2018,3,727,,Active,,,https://www.redfin.com/FL/Miami/235-NW-39th-St-33127/home/42683459,MARMLS,A11622832,N,Y,25.8127414,-80.2002557
MLS Listing,,Condo/Co-op,11111 Biscayne Blvd Unit 19G,Miami,FL,33181,398900,2,2.0,JOCKEY CLUB CONDO,,,1968,3,,1551,Active,,,https://www.redfin.com/FL/Miami/11111-Biscayne-Blvd-33181/unit-19G/home/43012993,MARMLS,11623652,N,Y,25.8792526,-80.1650069
MLS Listing,,Condo/Co-op,1800 NE 114th St #2309,Miami,FL,33181,850000,2,3.0,CRICKET CLUB CONDO,2320,,1975,3,366,,Active,,,https://www.redfin.com/FL/Miami/1800-NE-114th-St-33181/unit-2309/home/43016815,MARMLS,A11623495,N,Y,25.8808042,-80.1630052
MLS Listing,,Single Family Residential,330 SW 87th Path,Miami,FL,33174,690000,4,3.0,CENTURY VILLAS,2493,2529,2003,3,277,175,Active,,,https://www.redfin.com/FL/Miami/330-SW-87th-Path-33174/home/43262025,MARMLS,A11623653,N,Y,25.7663575,-80.3381563
MLS Listing,,Condo/Co-op,601 NE 27th St #1602,Miami,FL,33137,730000,2,2.0,THE CRIMSON CONDO,1226,,2016,3,595,1100,Active,,,https://www.redfin.com/FL/Miami/601-NE-27th-St-33137/unit-1602/home/110129837,MARMLS,A11623132,N,Y,25.8031474,-80.1865911
MLS Listing,,Single Family Residential,15639 SW 98th Ter,Miami,FL,33196,760000,4,3.0,WEITZER HAMMOCKS HOMES SE,2628,5442,1992,3,289,,Active,,,https://www.redfin.com/FL/Miami/15639-SW-98th-Ter-33196/home/43183263,MARMLS,A11623616,N,Y,25.6747898,-80.4486294
MLS Listing,,Multi-Family (2-4 Unit),477 NE 154,Miami,FL,33162,1250000,8,4.0,BISC GARDENS SEC A,1558,,1944,3,802,,Active,,,https://www.redfin.com/FL/Miami/477-NE-154th-St-33162/home/43014081,MARMLS,A11622520,N,Y,25.9169661,-80.1902854
MLS Listing,,Single Family Residential,8955 SW 88th St,Miami,FL,33173,1475000,4,3.0,SNAPPER CREEK PARK UNIT N,2284,15065,1965,3,646,,Active,,,https://www.redfin.com/FL/Miami/8955-N-Kendall-Dr-33176/home/43095472,MARMLS,A11622336,N,Y,25.6882434,-80.3387157
MLS Listing,,Condo/Co-op,601 NE 27th St #1805,Miami,FL,33137,570000,1,1.0,THE CRIMSON CONDOMINIUM,793,,2016,3,719,615,Active,,,https://www.redfin.com/FL/Miami/601-NE-27th-St-33137/unit-1805/home/110129595,MARMLS,A11623613,N,Y,25.8031474,-80.1865911
MLS Listing,,Single Family Residential,2175 NW 13th St,Miami,FL,33125,440000,2,1.0,DURHAM PARK,1118,6000,1940,4,394,,Active,,,https://www.redfin.com/FL/Miami/2175-NW-13th-St-33125/home/42711801,MARMLS,A11623318,N,Y,25.7861017,-80.2308325
MLS Listing,,Condo/Co-op,1631 NE 114th St #104,Miami,FL,33181,230000,1,1.0,LIDO BAY,880,,1963,4,261,552,Active,,,https://www.redfin.com/FL/Miami/1631-NE-114th-St-33181/unit-104/home/43019116,MARMLS,A11619547,N,Y,25.8815442,-80.1651418
MLS Listing,,Condo/Co-op,8030 SW 9th Ter Unit A,Miami,FL,33144,375000,2,1.0,FONTAINBLEAU GDNS,1075,,1959,4,349,,Active,,,https://www.redfin.com/FL/Miami/8030-SW-9th-Ter-33144/unit-A/home/43064618,MARMLS,A11615844,N,Y,25.7607934,-80.3261676
MLS Listing,,Condo/Co-op,41 SE 5th St #1805,Miami,FL,33131,560000,1,1.0,BRICKELL ON THE RIVER S T,981,,2006,4,571,878,Active,,,https://www.redfin.com/FL/Miami/41-SE-5th-St-33131/unit-1805/home/43384454,MARMLS,A11614273,N,Y,25.7690616,-80.1918153
MLS Listing,,Condo/Co-op,8032 SW 9th Ter Unit B,Miami,FL,33144,375000,2,1.0,FONTAINBLEAU GDNS,1075,,1959,4,349,,Active,,,https://www.redfin.com/FL/Miami/8032-SW-9th-Ter-33144/unit-B/home/43064619,MARMLS,A11615925,N,Y,25.7607934,-80.3261676
MLS Listing,,Single Family Residential,19252 NE 9th Pl,Miami,FL,33179,980000,5,3.0,CHAMPION LAKES,2702,4418,2013,4,363,555,Active,,,https://www.redfin.com/FL/Miami/19252-NE-9th-Pl-33179/home/55258340,MARMLS,A11623607,N,Y,25.9516701,-80.1828724
MLS Listing,,Single Family Residential,15362 SW 115th Ter,Miami,FL,33196,749000,3,2.5,REVISED PLAT OF HAMMOCKS,1868,6000,1998,4,401,,Active,,,https://www.redfin.com/FL/Miami/15362-SW-115th-Ter-33196/home/43192642,MARMLS,A11623577,N,Y,25.6589271,-80.4437247
MLS Listing,,Vacant Land,,Miami,FL,33135,5500000,,,,,2000,,4,,,Active,,,https://www.redfin.com/FL/Miami/Undisclosed-address-33135/home/168011801,MARMLS,A11623565,N,Y,25.7702718,-80.222937
MLS Listing,,Single Family Residential,12360 SW 190th St,Miami,FL,33177,539000,3,2.0,SO MIAMI HEIGHTS ADDN E,1214,7725,1958,4,444,,Active,,,https://www.redfin.com/FL/Miami/12360-SW-190th-St-33177/home/43226826,MARMLS,A11623538,N,Y,25.5905754,-80.3923321
MLS Listing,,Condo/Co-op,1800 N Bayshore Dr #2311,Miami,FL,33132,525000,1,1.5,1800 CLUB CONDO,1095,,2007,4,479,750,Active,,,https://www.redfin.com/FL/Miami/1800-N-Bayshore-Dr-33132/unit-2311/home/43390671,MARMLS,A11623518,N,Y,25.7939098,-80.1866113
